geo_id,households_final_demand_electricity_households_final_demand_for_cooking_electricity_parent_share,households_final_demand_electricity_households_final_demand_for_cooling_electricity_parent_share,households_final_demand_electricity_households_final_demand_for_hot_water_electricity_parent_share,households_final_demand_electricity_households_final_demand_for_lighting_electricity_parent_share,households_final_demand_electricity_households_final_demand_for_space_heating_electricity_parent_share,households_final_demand_electricity_households_final_demand_for_appliances_electricity_parent_share,households_final_demand_network_gas_households_final_demand_for_cooking_network_gas_parent_share,households_final_demand_network_gas_households_final_demand_for_hot_water_network_gas_parent_share,households_final_demand_network_gas_households_final_demand_for_space_heating_network_gas_parent_share,households_final_demand_network_gas_households_final_demand_for_cooling_network_gas_parent_share,input_households_final_demand_steam_hot_water_households_final_demand_for_hot_water_steam_hot_water_parent_share,input_households_final_demand_steam_hot_water_households_final_demand_for_space_heating_steam_hot_water_parent_share,households_final_demand_for_space_heating_electricity_households_space_heater_electricity_parent_share,households_final_demand_for_space_heating_electricity_households_space_heater_heatpump_air_water_electricity_parent_share,households_final_demand_for_space_heating_electricity_households_space_heater_hybrid_heatpump_air_water_electricity_parent_share,households_final_demand_for_space_heating_electricity_households_space_heater_heatpump_ground_water_electricity_parent_share,households_final_demand_for_space_heating_network_gas_households_space_heater_combined_network_gas_parent_share,households_final_demand_for_space_heating_network_gas_households_space_heater_network_gas_parent_share,households_final_demand_for_space_heating_network_gas_households_space_heater_hybrid_heatpump_air_water_electricity_parent_share
GM0014,0.0371676180607669,0.0176994573116793,0.0323388136990158,0.0985315173574029,0.176496686762675,0.63776590680846,0.0239827395498924,0.2816302997565068,0.6943869606936007,0.0,0.438476898806052,0.561523101193948,0.518304995130804,0.383243045452293,0.0381242022457029,0.0603277571712001,0.9967795658198888,0.0,0.0032204341801112
GM0034,0.0371676180607669,0.0176994573116793,0.0323388136990158,0.0985315173574029,0.176496686762675,0.63776590680846,0.0239827395498924,0.2816302997565068,0.6943869606936007,0.0,0.438476898806052,0.561523101193948,0.518304995130804,0.383243045452293,0.0381242022457029,0.0603277571712001,0.9967795658198888,0.0,0.0032204341801112
GM0037,0.0371676180607669,0.0176994573116793,0.0323388136990158,0.0985315173574029,0.176496686762675,0.63776590680846,0.0239827395498924,0.2816302997565068,0.6943869606936007,0.0,0.438476898806052,0.561523101193948,0.518304995130804,0.383243045452293,0.0381242022457029,0.0603277571712001,0.9967795658198888,0.0,0.0032204341801112
GM0047,0.0371676180607669,0.0176994573116793,0.0323388136990158,0.0985315173574029,0.176496686762675,0.63776590680846,0.0239827395498924,0.2816302997565068,0.6943869606936007,0.0,0.438476898806052,0.561523101193948,0.518304995130804,0.383243045452293,0.0381242022457029,0.0603277571712001,0.9967795658198888,0.0,0.0032204341801112
GM0050,0.0371676180607669,0.0176994573116793,0.0323388136990158,0.0985315173574029,0.176496686762675,0.63776590680846,0.0239827395498924,0.2816302997565068,0.6943869606936007,0.0,0.438476898806052,0.561523101193948,0.518304995130804,0.383243045452293,0.0381242022457029,0.0603277571712001,0.9967795658198888,0.0,0.0032204341801112
GM0059,0.0371676180607669,0.0176994573116793,0.0323388136990158,0.0985315173574029,0.176496686762675,0.63776590680846,0.0239827395498924,0.2816302997565068,0.6943869606936007,0.0,0.438476898806052,0.561523101193948,0.518304995130804,0.383243045452293,0.0381242022457029,0.0603277571712001,0.9967795658198888,0.0,0.0032204341801112
GM0060,0.0371676180607669,0.0176994573116793,0.0323388136990158,0.0985315173574029,0.176496686762675,0.63776590680846,0.0239827395498924,0.2816302997565068,0.6943869606936007,0.0,0.438476898806052,0.561523101193948,0.518304995130804,0.383243045452293,0.0381242022457029,0.0603277571712001,0.9967795658198888,0.0,0.0032204341801112
GM0072,0.0371676180607669,0.0176994573116793,0.0323388136990158,0.0985315173574029,0.176496686762675,0.63776590680846,0.0239827395498924,0.2816302997565068,0.6943869606936007,0.0,0.438476898806052,0.561523101193948,0.518304995130804,0.383243045452293,0.0381242022457029,0.0603277571712001,0.9967795658198888,0.0,0.0032204341801112
GM0074,0.0371676180607669,0.0176994573116793,0.0323388136990158,0.0985315173574029,0.176496686762675,0.63776590680846,0.0239827395498924,0.2816302997565068,0.6943869606936007,0.0,0.438476898806052,0.561523101193948,0.518304995130804,0.383243045452293,0.0381242022457029,0.0603277571712001,0.9967795658198888,0.0,0.0032204341801112
GM0080,0.0371676180607669,0.0176994573116793,0.0323388136990158,0.0985315173574029,0.176496686762675,0.63776590680846,0.0239827395498924,0.2816302997565068,0.6943869606936007,0.0,0.438476898806052,0.561523101193948,0.518304995130804,0.383243045452293,0.0381242022457029,0.0603277571712001,0.9967795658198888,0.0,0.0032204341801112
GM0085,0.0371676180607669,0.0176994573116793,0.0323388136990158,0.0985315173574029,0.176496686762675,0.63776590680846,0.0239827395498924,0.2816302997565068,0.6943869606936007,0.0,0.438476898806052,0.561523101193948,0.518304995130804,0.383243045452293,0.0381242022457029,0.0603277571712001,0.9967795658198888,0.0,0.0032204341801112
GM0086,0.0371676180607669,0.0176994573116793,0.0323388136990158,0.0985315173574029,0.176496686762675,0.63776590680846,0.0239827395498924,0.2816302997565068,0.6943869606936007,0.0,0.438476898806052,0.561523101193948,0.518304995130804,0.383243045452293,0.0381242022457029,0.0603277571712001,0.9967795658198888,0.0,0.0032204341801112
GM0088,0.0371676180607669,0.0176994573116793,0.0323388136990158,0.0985315173574029,0.176496686762675,0.63776590680846,0.0239827395498924,0.2816302997565068,0.6943869606936007,0.0,0.438476898806052,0.561523101193948,0.518304995130804,0.383243045452293,0.0381242022457029,0.0603277571712001,0.9967795658198888,0.0,0.0032204341801112
GM0090,0.0371676180607669,0.0176994573116793,0.0323388136990158,0.0985315173574029,0.176496686762675,0.63776590680846,0.0239827395498924,0.2816302997565068,0.6943869606936007,0.0,0.438476898806052,0.561523101193948,0.518304995130804,0.383243045452293,0.0381242022457029,0.0603277571712001,0.9967795658198888,0.0,0.0032204341801112
GM0093,0.0371676180607669,0.0176994573116793,0.0323388136990158,0.0985315173574029,0.176496686762675,0.63776590680846,0.0239827395498924,0.2816302997565068,0.6943869606936007,0.0,0.438476898806052,0.561523101193948,0.518304995130804,0.383243045452293,0.0381242022457029,0.0603277571712001,0.9967795658198888,0.0,0.0032204341801112
GM0096,0.0371676180607669,0.0176994573116793,0.0323388136990158,0.0985315173574029,0.176496686762675,0.63776590680846,0.0239827395498924,0.2816302997565068,0.6943869606936007,0.0,0.438476898806052,0.561523101193948,0.518304995130804,0.383243045452293,0.0381242022457029,0.0603277571712001,0.9967795658198888,0.0,0.0032204341801112
GM0098,0.0371676180607669,0.0176994573116793,0.0323388136990158,0.0985315173574029,0.176496686762675,0.63776590680846,0.0239827395498924,0.2816302997565068,0.6943869606936007,0.0,0.438476898806052,0.561523101193948,0.518304995130804,0.383243045452293,0.0381242022457029,0.0603277571712001,0.9967795658198888,0.0,0.0032204341801112
GM0106,0.0371676180607669,0.0176994573116793,0.0323388136990158,0.0985315173574029,0.176496686762675,0.63776590680846,0.0239827395498924,0.2816302997565068,0.6943869606936007,0.0,0.438476898806052,0.561523101193948,0.518304995130804,0.383243045452293,0.0381242022457029,0.0603277571712001,0.9967795658198888,0.0,0.0032204341801112
GM0109,0.0371676180607669,0.0176994573116793,0.0323388136990158,0.0985315173574029,0.176496686762675,0.63776590680846,0.0239827395498924,0.2816302997565068,0.6943869606936007,0.0,0.438476898806052,0.561523101193948,0.518304995130804,0.383243045452293,0.0381242022457029,0.0603277571712001,0.9967795658198888,0.0,0.0032204341801112
GM0114,0.0371676180607669,0.0176994573116793,0.0323388136990158,0.0985315173574029,0.176496686762675,0.63776590680846,0.0239827395498924,0.2816302997565068,0.6943869606936007,0.0,0.438476898806052,0.561523101193948,0.518304995130804,0.383243045452293,0.0381242022457029,0.0603277571712001,0.9967795658198888,0.0,0.0032204341801112
GM0118,0.0371676180607669,0.0176994573116793,0.0323388136990158,0.0985315173574029,0.176496686762675,0.63776590680846,0.0239827395498924,0.2816302997565068,0.6943869606936007,0.0,0.438476898806052,0.561523101193948,0.518304995130804,0.383243045452293,0.0381242022457029,0.0603277571712001,0.9967795658198888,0.0,0.0032204341801112
GM0119,0.0371676180607669,0.0176994573116793,0.0323388136990158,0.0985315173574029,0.176496686762675,0.63776590680846,0.0239827395498924,0.2816302997565068,0.6943869606936007,0.0,0.438476898806052,0.561523101193948,0.518304995130804,0.383243045452293,0.0381242022457029,0.0603277571712001,0.9967795658198888,0.0,0.0032204341801112
GM0141,0.0371676180607669,0.0176994573116793,0.0323388136990158,0.0985315173574029,0.176496686762675,0.63776590680846,0.0239827395498924,0.2816302997565068,0.6943869606936007,0.0,0.438476898806052,0.561523101193948,0.518304995130804,0.383243045452293,0.0381242022457029,0.0603277571712001,0.9967795658198888,0.0,0.0032204341801112
GM0147,0.0371676180607669,0.0176994573116793,0.0323388136990158,0.0985315173574029,0.176496686762675,0.63776590680846,0.0239827395498924,0.2816302997565068,0.6943869606936007,0.0,0.438476898806052,0.561523101193948,0.518304995130804,0.383243045452293,0.0381242022457029,0.0603277571712001,0.9967795658198888,0.0,0.0032204341801112
GM0148,0.0371676180607669,0.0176994573116793,0.0323388136990158,0.0985315173574029,0.176496686762675,0.63776590680846,0.0239827395498924,0.2816302997565068,0.6943869606936007,0.0,0.438476898806052,0.561523101193948,0.518304995130804,0.383243045452293,0.0381242022457029,0.0603277571712001,0.9967795658198888,0.0,0.0032204341801112
GM0150,0.0371676180607669,0.0176994573116793,0.0323388136990158,0.0985315173574029,0.176496686762675,0.63776590680846,0.0239827395498924,0.2816302997565068,0.6943869606936007,0.0,0.438476898806052,0.561523101193948,0.518304995130804,0.383243045452293,0.0381242022457029,0.0603277571712001,0.9967795658198888,0.0,0.0032204341801112
GM0153,0.0371676180607669,0.0176994573116793,0.0323388136990158,0.0985315173574029,0.176496686762675,0.63776590680846,0.0239827395498924,0.2816302997565068,0.6943869606936007,0.0,0.438476898806052,0.561523101193948,0.518304995130804,0.383243045452293,0.0381242022457029,0.0603277571712001,0.9967795658198888,0.0,0.0032204341801112
GM0158,0.0371676180607669,0.0176994573116793,0.0323388136990158,0.0985315173574029,0.176496686762675,0.63776590680846,0.0239827395498924,0.2816302997565068,0.6943869606936007,0.0,0.438476898806052,0.561523101193948,0.518304995130804,0.383243045452293,0.0381242022457029,0.0603277571712001,0.9967795658198888,0.0,0.0032204341801112
GM0160,0.0371676180607669,0.0176994573116793,0.0323388136990158,0.0985315173574029,0.176496686762675,0.63776590680846,0.0239827395498924,0.2816302997565068,0.6943869606936007,0.0,0.438476898806052,0.561523101193948,0.518304995130804,0.383243045452293,0.0381242022457029,0.0603277571712001,0.9967795658198888,0.0,0.0032204341801112
GM0163,0.0371676180607669,0.0176994573116793,0.0323388136990158,0.0985315173574029,0.176496686762675,0.63776590680846,0.0239827395498924,0.2816302997565068,0.6943869606936007,0.0,0.438476898806052,0.561523101193948,0.518304995130804,0.383243045452293,0.0381242022457029,0.0603277571712001,0.9967795658198888,0.0,0.0032204341801112
GM0164,0.0371676180607669,0.0176994573116793,0.0323388136990158,0.0985315173574029,0.176496686762675,0.63776590680846,0.0239827395498924,0.2816302997565068,0.6943869606936007,0.0,0.438476898806052,0.561523101193948,0.518304995130804,0.383243045452293,0.0381242022457029,0.0603277571712001,0.9967795658198888,0.0,0.0032204341801112
GM0166,0.0371676180607669,0.0176994573116793,0.0323388136990158,0.0985315173574029,0.176496686762675,0.63776590680846,0.0239827395498924,0.2816302997565068,0.6943869606936007,0.0,0.438476898806052,0.561523101193948,0.518304995130804,0.383243045452293,0.0381242022457029,0.0603277571712001,0.9967795658198888,0.0,0.0032204341801112
GM0168,0.0371676180607669,0.0176994573116793,0.0323388136990158,0.0985315173574029,0.176496686762675,0.63776590680846,0.0239827395498924,0.2816302997565068,0.6943869606936007,0.0,0.438476898806052,0.561523101193948,0.518304995130804,0.383243045452293,0.0381242022457029,0.0603277571712001,0.9967795658198888,0.0,0.0032204341801112
GM0171,0.0371676180607669,0.0176994573116793,0.0323388136990158,0.0985315173574029,0.176496686762675,0.63776590680846,0.0239827395498924,0.2816302997565068,0.6943869606936007,0.0,0.438476898806052,0.561523101193948,0.518304995130804,0.383243045452293,0.0381242022457029,0.0603277571712001,0.9967795658198888,0.0,0.0032204341801112
GM0173,0.0371676180607669,0.0176994573116793,0.0323388136990158,0.0985315173574029,0.176496686762675,0.63776590680846,0.0239827395498924,0.2816302997565068,0.6943869606936007,0.0,0.438476898806052,0.561523101193948,0.518304995130804,0.383243045452293,0.0381242022457029,0.0603277571712001,0.9967795658198888,0.0,0.0032204341801112
GM0175,0.0371676180607669,0.0176994573116793,0.0323388136990158,0.0985315173574029,0.176496686762675,0.63776590680846,0.0239827395498924,0.2816302997565068,0.6943869606936007,0.0,0.438476898806052,0.561523101193948,0.518304995130804,0.383243045452293,0.0381242022457029,0.0603277571712001,0.9967795658198888,0.0,0.0032204341801112
GM0177,0.0371676180607669,0.0176994573116793,0.0323388136990158,0.0985315173574029,0.176496686762675,0.63776590680846,0.0239827395498924,0.2816302997565068,0.6943869606936007,0.0,0.438476898806052,0.561523101193948,0.518304995130804,0.383243045452293,0.0381242022457029,0.0603277571712001,0.9967795658198888,0.0,0.0032204341801112
GM0180,0.0371676180607669,0.0176994573116793,0.0323388136990158,0.0985315173574029,0.176496686762675,0.63776590680846,0.0239827395498924,0.2816302997565068,0.6943869606936007,0.0,0.438476898806052,0.561523101193948,0.518304995130804,0.383243045452293,0.0381242022457029,0.0603277571712001,0.9967795658198888,0.0,0.0032204341801112
GM0183,0.0371676180607669,0.0176994573116793,0.0323388136990158,0.0985315173574029,0.176496686762675,0.63776590680846,0.0239827395498924,0.2816302997565068,0.6943869606936007,0.0,0.438476898806052,0.561523101193948,0.518304995130804,0.383243045452293,0.0381242022457029,0.0603277571712001,0.9967795658198888,0.0,0.0032204341801112
GM0184,0.0371676180607669,0.0176994573116793,0.0323388136990158,0.0985315173574029,0.176496686762675,0.63776590680846,0.0239827395498924,0.2816302997565068,0.6943869606936007,0.0,0.438476898806052,0.561523101193948,0.518304995130804,0.383243045452293,0.0381242022457029,0.0603277571712001,0.9967795658198888,0.0,0.0032204341801112
GM0189,0.0371676180607669,0.0176994573116793,0.0323388136990158,0.0985315173574029,0.176496686762675,0.63776590680846,0.0239827395498924,0.2816302997565068,0.6943869606936007,0.0,0.438476898806052,0.561523101193948,0.518304995130804,0.383243045452293,0.0381242022457029,0.0603277571712001,0.9967795658198888,0.0,0.0032204341801112
GM0193,0.0371676180607669,0.0176994573116793,0.0323388136990158,0.0985315173574029,0.176496686762675,0.63776590680846,0.0239827395498924,0.2816302997565068,0.6943869606936007,0.0,0.438476898806052,0.561523101193948,0.518304995130804,0.383243045452293,0.0381242022457029,0.0603277571712001,0.9967795658198888,0.0,0.0032204341801112
GM0197,0.0371676180607669,0.0176994573116793,0.0323388136990158,0.0985315173574029,0.176496686762675,0.63776590680846,0.0239827395498924,0.2816302997565068,0.6943869606936007,0.0,0.438476898806052,0.561523101193948,0.518304995130804,0.383243045452293,0.0381242022457029,0.0603277571712001,0.9967795658198888,0.0,0.0032204341801112
GM0200,0.0371676180607669,0.0176994573116793,0.0323388136990158,0.0985315173574029,0.176496686762675,0.63776590680846,0.0239827395498924,0.2816302997565068,0.6943869606936007,0.0,0.438476898806052,0.561523101193948,0.518304995130804,0.383243045452293,0.0381242022457029,0.0603277571712001,0.9967795658198888,0.0,0.0032204341801112
GM0202,0.0371676180607669,0.0176994573116793,0.0323388136990158,0.0985315173574029,0.176496686762675,0.63776590680846,0.0239827395498924,0.2816302997565068,0.6943869606936007,0.0,0.438476898806052,0.561523101193948,0.518304995130804,0.383243045452293,0.0381242022457029,0.0603277571712001,0.9967795658198888,0.0,0.0032204341801112
GM0203,0.0371676180607669,0.0176994573116793,0.0323388136990158,0.0985315173574029,0.176496686762675,0.63776590680846,0.0239827395498924,0.2816302997565068,0.6943869606936007,0.0,0.438476898806052,0.561523101193948,0.518304995130804,0.383243045452293,0.0381242022457029,0.0603277571712001,0.9967795658198888,0.0,0.0032204341801112
GM0209,0.0371676180607669,0.0176994573116793,0.0323388136990158,0.0985315173574029,0.176496686762675,0.63776590680846,0.0239827395498924,0.2816302997565068,0.6943869606936007,0.0,0.438476898806052,0.561523101193948,0.518304995130804,0.383243045452293,0.0381242022457029,0.0603277571712001,0.9967795658198888,0.0,0.0032204341801112
GM0213,0.0371676180607669,0.0176994573116793,0.0323388136990158,0.0985315173574029,0.176496686762675,0.63776590680846,0.0239827395498924,0.2816302997565068,0.6943869606936007,0.0,0.438476898806052,0.561523101193948,0.518304995130804,0.383243045452293,0.0381242022457029,0.0603277571712001,0.9967795658198888,0.0,0.0032204341801112
GM0214,0.0371676180607669,0.0176994573116793,0.0323388136990158,0.0985315173574029,0.176496686762675,0.63776590680846,0.0239827395498924,0.2816302997565068,0.6943869606936007,0.0,0.438476898806052,0.561523101193948,0.518304995130804,0.383243045452293,0.0381242022457029,0.0603277571712001,0.9967795658198888,0.0,0.0032204341801112
GM0216,0.0371676180607669,0.0176994573116793,0.0323388136990158,0.0985315173574029,0.176496686762675,0.63776590680846,0.0239827395498924,0.2816302997565068,0.6943869606936007,0.0,0.438476898806052,0.561523101193948,0.518304995130804,0.383243045452293,0.0381242022457029,0.0603277571712001,0.9967795658198888,0.0,0.0032204341801112
GM0221,0.0371676180607669,0.0176994573116793,0.0323388136990158,0.0985315173574029,0.176496686762675,0.63776590680846,0.0239827395498924,0.2816302997565068,0.6943869606936007,0.0,0.438476898806052,0.561523101193948,0.518304995130804,0.383243045452293,0.0381242022457029,0.0603277571712001,0.9967795658198888,0.0,0.0032204341801112
GM0222,0.0371676180607669,0.0176994573116793,0.0323388136990158,0.0985315173574029,0.176496686762675,0.63776590680846,0.0239827395498924,0.2816302997565068,0.6943869606936007,0.0,0.438476898806052,0.561523101193948,0.518304995130804,0.383243045452293,0.0381242022457029,0.0603277571712001,0.9967795658198888,0.0,0.0032204341801112
GM0225,0.0371676180607669,0.0176994573116793,0.0323388136990158,0.0985315173574029,0.176496686762675,0.63776590680846,0.0239827395498924,0.2816302997565068,0.6943869606936007,0.0,0.438476898806052,0.561523101193948,0.518304995130804,0.383243045452293,0.0381242022457029,0.0603277571712001,0.9967795658198888,0.0,0.0032204341801112
GM0226,0.0371676180607669,0.0176994573116793,0.0323388136990158,0.0985315173574029,0.176496686762675,0.63776590680846,0.0239827395498924,0.2816302997565068,0.6943869606936007,0.0,0.438476898806052,0.561523101193948,0.518304995130804,0.383243045452293,0.0381242022457029,0.0603277571712001,0.9967795658198888,0.0,0.0032204341801112
GM0228,0.0371676180607669,0.0176994573116793,0.0323388136990158,0.0985315173574029,0.176496686762675,0.63776590680846,0.0239827395498924,0.2816302997565068,0.6943869606936007,0.0,0.438476898806052,0.561523101193948,0.518304995130804,0.383243045452293,0.0381242022457029,0.0603277571712001,0.9967795658198888,0.0,0.0032204341801112
GM0230,0.0371676180607669,0.0176994573116793,0.0323388136990158,0.0985315173574029,0.176496686762675,0.63776590680846,0.0239827395498924,0.2816302997565068,0.6943869606936007,0.0,0.438476898806052,0.561523101193948,0.518304995130804,0.383243045452293,0.0381242022457029,0.0603277571712001,0.9967795658198888,0.0,0.0032204341801112
GM0232,0.0371676180607669,0.0176994573116793,0.0323388136990158,0.0985315173574029,0.176496686762675,0.63776590680846,0.0239827395498924,0.2816302997565068,0.6943869606936007,0.0,0.438476898806052,0.561523101193948,0.518304995130804,0.383243045452293,0.0381242022457029,0.0603277571712001,0.9967795658198888,0.0,0.0032204341801112
GM0233,0.0371676180607669,0.0176994573116793,0.0323388136990158,0.0985315173574029,0.176496686762675,0.63776590680846,0.0239827395498924,0.2816302997565068,0.6943869606936007,0.0,0.438476898806052,0.561523101193948,0.518304995130804,0.383243045452293,0.0381242022457029,0.0603277571712001,0.9967795658198888,0.0,0.0032204341801112
GM0243,0.0371676180607669,0.0176994573116793,0.0323388136990158,0.0985315173574029,0.176496686762675,0.63776590680846,0.0239827395498924,0.2816302997565068,0.6943869606936007,0.0,0.438476898806052,0.561523101193948,0.518304995130804,0.383243045452293,0.0381242022457029,0.0603277571712001,0.9967795658198888,0.0,0.0032204341801112
GM0244,0.0371676180607669,0.0176994573116793,0.0323388136990158,0.0985315173574029,0.176496686762675,0.63776590680846,0.0239827395498924,0.2816302997565068,0.6943869606936007,0.0,0.438476898806052,0.561523101193948,0.518304995130804,0.383243045452293,0.0381242022457029,0.0603277571712001,0.9967795658198888,0.0,0.0032204341801112
GM0246,0.0371676180607669,0.0176994573116793,0.0323388136990158,0.0985315173574029,0.176496686762675,0.63776590680846,0.0239827395498924,0.2816302997565068,0.6943869606936007,0.0,0.438476898806052,0.561523101193948,0.518304995130804,0.383243045452293,0.0381242022457029,0.0603277571712001,0.9967795658198888,0.0,0.0032204341801112
GM0252,0.0371676180607669,0.0176994573116793,0.0323388136990158,0.0985315173574029,0.176496686762675,0.63776590680846,0.0239827395498924,0.2816302997565068,0.6943869606936007,0.0,0.438476898806052,0.561523101193948,0.518304995130804,0.383243045452293,0.0381242022457029,0.0603277571712001,0.9967795658198888,0.0,0.0032204341801112
GM0262,0.0371676180607669,0.0176994573116793,0.0323388136990158,0.0985315173574029,0.176496686762675,0.63776590680846,0.0239827395498924,0.2816302997565068,0.6943869606936007,0.0,0.438476898806052,0.561523101193948,0.518304995130804,0.383243045452293,0.0381242022457029,0.0603277571712001,0.9967795658198888,0.0,0.0032204341801112
GM0263,0.0371676180607669,0.0176994573116793,0.0323388136990158,0.0985315173574029,0.176496686762675,0.63776590680846,0.0239827395498924,0.2816302997565068,0.6943869606936007,0.0,0.438476898806052,0.561523101193948,0.518304995130804,0.383243045452293,0.0381242022457029,0.0603277571712001,0.9967795658198888,0.0,0.0032204341801112
GM0267,0.0371676180607669,0.0176994573116793,0.0323388136990158,0.0985315173574029,0.176496686762675,0.63776590680846,0.0239827395498924,0.2816302997565068,0.6943869606936007,0.0,0.438476898806052,0.561523101193948,0.518304995130804,0.383243045452293,0.0381242022457029,0.0603277571712001,0.9967795658198888,0.0,0.0032204341801112
GM0268,0.0371676180607669,0.0176994573116793,0.0323388136990158,0.0985315173574029,0.176496686762675,0.63776590680846,0.0239827395498924,0.2816302997565068,0.6943869606936007,0.0,0.438476898806052,0.561523101193948,0.518304995130804,0.383243045452293,0.0381242022457029,0.0603277571712001,0.9967795658198888,0.0,0.0032204341801112
GM0269,0.0371676180607669,0.0176994573116793,0.0323388136990158,0.0985315173574029,0.176496686762675,0.63776590680846,0.0239827395498924,0.2816302997565068,0.6943869606936007,0.0,0.438476898806052,0.561523101193948,0.518304995130804,0.383243045452293,0.0381242022457029,0.0603277571712001,0.9967795658198888,0.0,0.0032204341801112
GM0273,0.0371676180607669,0.0176994573116793,0.0323388136990158,0.0985315173574029,0.176496686762675,0.63776590680846,0.0239827395498924,0.2816302997565068,0.6943869606936007,0.0,0.438476898806052,0.561523101193948,0.518304995130804,0.383243045452293,0.0381242022457029,0.0603277571712001,0.9967795658198888,0.0,0.0032204341801112
GM0274,0.0371676180607669,0.0176994573116793,0.0323388136990158,0.0985315173574029,0.176496686762675,0.63776590680846,0.0239827395498924,0.2816302997565068,0.6943869606936007,0.0,0.438476898806052,0.561523101193948,0.518304995130804,0.383243045452293,0.0381242022457029,0.0603277571712001,0.9967795658198888,0.0,0.0032204341801112
GM0275,0.0371676180607669,0.0176994573116793,0.0323388136990158,0.0985315173574029,0.176496686762675,0.63776590680846,0.0239827395498924,0.2816302997565068,0.6943869606936007,0.0,0.438476898806052,0.561523101193948,0.518304995130804,0.383243045452293,0.0381242022457029,0.0603277571712001,0.9967795658198888,0.0,0.0032204341801112
GM0277,0.0371676180607669,0.0176994573116793,0.0323388136990158,0.0985315173574029,0.176496686762675,0.63776590680846,0.0239827395498924,0.2816302997565068,0.6943869606936007,0.0,0.438476898806052,0.561523101193948,0.518304995130804,0.383243045452293,0.0381242022457029,0.0603277571712001,0.9967795658198888,0.0,0.0032204341801112
GM0279,0.0371676180607669,0.0176994573116793,0.0323388136990158,0.0985315173574029,0.176496686762675,0.63776590680846,0.0239827395498924,0.2816302997565068,0.6943869606936007,0.0,0.438476898806052,0.561523101193948,0.518304995130804,0.383243045452293,0.0381242022457029,0.0603277571712001,0.9967795658198888,0.0,0.0032204341801112
GM0281,0.0371676180607669,0.0176994573116793,0.0323388136990158,0.0985315173574029,0.176496686762675,0.63776590680846,0.0239827395498924,0.2816302997565068,0.6943869606936007,0.0,0.438476898806052,0.561523101193948,0.518304995130804,0.383243045452293,0.0381242022457029,0.0603277571712001,0.9967795658198888,0.0,0.0032204341801112
GM0285,0.0371676180607669,0.0176994573116793,0.0323388136990158,0.0985315173574029,0.176496686762675,0.63776590680846,0.0239827395498924,0.2816302997565068,0.6943869606936007,0.0,0.438476898806052,0.561523101193948,0.518304995130804,0.383243045452293,0.0381242022457029,0.0603277571712001,0.9967795658198888,0.0,0.0032204341801112
GM0289,0.0371676180607669,0.0176994573116793,0.0323388136990158,0.0985315173574029,0.176496686762675,0.63776590680846,0.0239827395498924,0.2816302997565068,0.6943869606936007,0.0,0.438476898806052,0.561523101193948,0.518304995130804,0.383243045452293,0.0381242022457029,0.0603277571712001,0.9967795658198888,0.0,0.0032204341801112
GM0293,0.0371676180607669,0.0176994573116793,0.0323388136990158,0.0985315173574029,0.176496686762675,0.63776590680846,0.0239827395498924,0.2816302997565068,0.6943869606936007,0.0,0.438476898806052,0.561523101193948,0.518304995130804,0.383243045452293,0.0381242022457029,0.0603277571712001,0.9967795658198888,0.0,0.0032204341801112
GM0294,0.0371676180607669,0.0176994573116793,0.0323388136990158,0.0985315173574029,0.176496686762675,0.63776590680846,0.0239827395498924,0.2816302997565068,0.6943869606936007,0.0,0.438476898806052,0.561523101193948,0.518304995130804,0.383243045452293,0.0381242022457029,0.0603277571712001,0.9967795658198888,0.0,0.0032204341801112
GM0296,0.0371676180607669,0.0176994573116793,0.0323388136990158,0.0985315173574029,0.176496686762675,0.63776590680846,0.0239827395498924,0.2816302997565068,0.6943869606936007,0.0,0.438476898806052,0.561523101193948,0.518304995130804,0.383243045452293,0.0381242022457029,0.0603277571712001,0.9967795658198888,0.0,0.0032204341801112
GM0297,0.0371676180607669,0.0176994573116793,0.0323388136990158,0.0985315173574029,0.176496686762675,0.63776590680846,0.0239827395498924,0.2816302997565068,0.6943869606936007,0.0,0.438476898806052,0.561523101193948,0.518304995130804,0.383243045452293,0.0381242022457029,0.0603277571712001,0.9967795658198888,0.0,0.0032204341801112
GM0299,0.0371676180607669,0.0176994573116793,0.0323388136990158,0.0985315173574029,0.176496686762675,0.63776590680846,0.0239827395498924,0.2816302997565068,0.6943869606936007,0.0,0.438476898806052,0.561523101193948,0.518304995130804,0.383243045452293,0.0381242022457029,0.0603277571712001,0.9967795658198888,0.0,0.0032204341801112
GM0301,0.0371676180607669,0.0176994573116793,0.0323388136990158,0.0985315173574029,0.176496686762675,0.63776590680846,0.0239827395498924,0.2816302997565068,0.6943869606936007,0.0,0.438476898806052,0.561523101193948,0.518304995130804,0.383243045452293,0.0381242022457029,0.0603277571712001,0.9967795658198888,0.0,0.0032204341801112
GM0302,0.0371676180607669,0.0176994573116793,0.0323388136990158,0.0985315173574029,0.176496686762675,0.63776590680846,0.0239827395498924,0.2816302997565068,0.6943869606936007,0.0,0.438476898806052,0.561523101193948,0.518304995130804,0.383243045452293,0.0381242022457029,0.0603277571712001,0.9967795658198888,0.0,0.0032204341801112
GM0303,0.0371676180607669,0.0176994573116793,0.0323388136990158,0.0985315173574029,0.176496686762675,0.63776590680846,0.0239827395498924,0.2816302997565068,0.6943869606936007,0.0,0.438476898806052,0.561523101193948,0.518304995130804,0.383243045452293,0.0381242022457029,0.0603277571712001,0.9967795658198888,0.0,0.0032204341801112
GM0307,0.0371676180607669,0.0176994573116793,0.0323388136990158,0.0985315173574029,0.176496686762675,0.63776590680846,0.0239827395498924,0.2816302997565068,0.6943869606936007,0.0,0.438476898806052,0.561523101193948,0.518304995130804,0.383243045452293,0.0381242022457029,0.0603277571712001,0.9967795658198888,0.0,0.0032204341801112
GM0308,0.0371676180607669,0.0176994573116793,0.0323388136990158,0.0985315173574029,0.176496686762675,0.63776590680846,0.0239827395498924,0.2816302997565068,0.6943869606936007,0.0,0.438476898806052,0.561523101193948,0.518304995130804,0.383243045452293,0.0381242022457029,0.0603277571712001,0.9967795658198888,0.0,0.0032204341801112
GM0310,0.0371676180607669,0.0176994573116793,0.0323388136990158,0.0985315173574029,0.176496686762675,0.63776590680846,0.0239827395498924,0.2816302997565068,0.6943869606936007,0.0,0.438476898806052,0.561523101193948,0.518304995130804,0.383243045452293,0.0381242022457029,0.0603277571712001,0.9967795658198888,0.0,0.0032204341801112
GM0312,0.0371676180607669,0.0176994573116793,0.0323388136990158,0.0985315173574029,0.176496686762675,0.63776590680846,0.0239827395498924,0.2816302997565068,0.6943869606936007,0.0,0.438476898806052,0.561523101193948,0.518304995130804,0.383243045452293,0.0381242022457029,0.0603277571712001,0.9967795658198888,0.0,0.0032204341801112
GM0313,0.0371676180607669,0.0176994573116793,0.0323388136990158,0.0985315173574029,0.176496686762675,0.63776590680846,0.0239827395498924,0.2816302997565068,0.6943869606936007,0.0,0.438476898806052,0.561523101193948,0.518304995130804,0.383243045452293,0.0381242022457029,0.0603277571712001,0.9967795658198888,0.0,0.0032204341801112
GM0317,0.0371676180607669,0.0176994573116793,0.0323388136990158,0.0985315173574029,0.176496686762675,0.63776590680846,0.0239827395498924,0.2816302997565068,0.6943869606936007,0.0,0.438476898806052,0.561523101193948,0.518304995130804,0.383243045452293,0.0381242022457029,0.0603277571712001,0.9967795658198888,0.0,0.0032204341801112
GM0321,0.0371676180607669,0.0176994573116793,0.0323388136990158,0.0985315173574029,0.176496686762675,0.63776590680846,0.0239827395498924,0.2816302997565068,0.6943869606936007,0.0,0.438476898806052,0.561523101193948,0.518304995130804,0.383243045452293,0.0381242022457029,0.0603277571712001,0.9967795658198888,0.0,0.0032204341801112
GM0327,0.0371676180607669,0.0176994573116793,0.0323388136990158,0.0985315173574029,0.176496686762675,0.63776590680846,0.0239827395498924,0.2816302997565068,0.6943869606936007,0.0,0.438476898806052,0.561523101193948,0.518304995130804,0.383243045452293,0.0381242022457029,0.0603277571712001,0.9967795658198888,0.0,0.0032204341801112
GM0331,0.0371676180607669,0.0176994573116793,0.0323388136990158,0.0985315173574029,0.176496686762675,0.63776590680846,0.0239827395498924,0.2816302997565068,0.6943869606936007,0.0,0.438476898806052,0.561523101193948,0.518304995130804,0.383243045452293,0.0381242022457029,0.0603277571712001,0.9967795658198888,0.0,0.0032204341801112
GM0335,0.0371676180607669,0.0176994573116793,0.0323388136990158,0.0985315173574029,0.176496686762675,0.63776590680846,0.0239827395498924,0.2816302997565068,0.6943869606936007,0.0,0.438476898806052,0.561523101193948,0.518304995130804,0.383243045452293,0.0381242022457029,0.0603277571712001,0.9967795658198888,0.0,0.0032204341801112
GM0339,0.0371676180607669,0.0176994573116793,0.0323388136990158,0.0985315173574029,0.176496686762675,0.63776590680846,0.0239827395498924,0.2816302997565068,0.6943869606936007,0.0,0.438476898806052,0.561523101193948,0.518304995130804,0.383243045452293,0.0381242022457029,0.0603277571712001,0.9967795658198888,0.0,0.0032204341801112
GM0340,0.0371676180607669,0.0176994573116793,0.0323388136990158,0.0985315173574029,0.176496686762675,0.63776590680846,0.0239827395498924,0.2816302997565068,0.6943869606936007,0.0,0.438476898806052,0.561523101193948,0.518304995130804,0.383243045452293,0.0381242022457029,0.0603277571712001,0.9967795658198888,0.0,0.0032204341801112
GM0342,0.0371676180607669,0.0176994573116793,0.0323388136990158,0.0985315173574029,0.176496686762675,0.63776590680846,0.0239827395498924,0.2816302997565068,0.6943869606936007,0.0,0.438476898806052,0.561523101193948,0.518304995130804,0.383243045452293,0.0381242022457029,0.0603277571712001,0.9967795658198888,0.0,0.0032204341801112
GM0344,0.0371676180607669,0.0176994573116793,0.0323388136990158,0.0985315173574029,0.176496686762675,0.63776590680846,0.0239827395498924,0.2816302997565068,0.6943869606936007,0.0,0.438476898806052,0.561523101193948,0.518304995130804,0.383243045452293,0.0381242022457029,0.0603277571712001,0.9967795658198888,0.0,0.0032204341801112
GM0345,0.0371676180607669,0.0176994573116793,0.0323388136990158,0.0985315173574029,0.176496686762675,0.63776590680846,0.0239827395498924,0.2816302997565068,0.6943869606936007,0.0,0.438476898806052,0.561523101193948,0.518304995130804,0.383243045452293,0.0381242022457029,0.0603277571712001,0.9967795658198888,0.0,0.0032204341801112
GM0351,0.0371676180607669,0.0176994573116793,0.0323388136990158,0.0985315173574029,0.176496686762675,0.63776590680846,0.0239827395498924,0.2816302997565068,0.6943869606936007,0.0,0.438476898806052,0.561523101193948,0.518304995130804,0.383243045452293,0.0381242022457029,0.0603277571712001,0.9967795658198888,0.0,0.0032204341801112
GM0352,0.0371676180607669,0.0176994573116793,0.0323388136990158,0.0985315173574029,0.176496686762675,0.63776590680846,0.0239827395498924,0.2816302997565068,0.6943869606936007,0.0,0.438476898806052,0.561523101193948,0.518304995130804,0.383243045452293,0.0381242022457029,0.0603277571712001,0.9967795658198888,0.0,0.0032204341801112
GM0353,0.0371676180607669,0.0176994573116793,0.0323388136990158,0.0985315173574029,0.176496686762675,0.63776590680846,0.0239827395498924,0.2816302997565068,0.6943869606936007,0.0,0.438476898806052,0.561523101193948,0.518304995130804,0.383243045452293,0.0381242022457029,0.0603277571712001,0.9967795658198888,0.0,0.0032204341801112
GM0355,0.0371676180607669,0.0176994573116793,0.0323388136990158,0.0985315173574029,0.176496686762675,0.63776590680846,0.0239827395498924,0.2816302997565068,0.6943869606936007,0.0,0.438476898806052,0.561523101193948,0.518304995130804,0.383243045452293,0.0381242022457029,0.0603277571712001,0.9967795658198888,0.0,0.0032204341801112
GM0356,0.0371676180607669,0.0176994573116793,0.0323388136990158,0.0985315173574029,0.176496686762675,0.63776590680846,0.0239827395498924,0.2816302997565068,0.6943869606936007,0.0,0.438476898806052,0.561523101193948,0.518304995130804,0.383243045452293,0.0381242022457029,0.0603277571712001,0.9967795658198888,0.0,0.0032204341801112
GM0358,0.0371676180607669,0.0176994573116793,0.0323388136990158,0.0985315173574029,0.176496686762675,0.63776590680846,0.0239827395498924,0.2816302997565068,0.6943869606936007,0.0,0.438476898806052,0.561523101193948,0.518304995130804,0.383243045452293,0.0381242022457029,0.0603277571712001,0.9967795658198888,0.0,0.0032204341801112
GM0361,0.0371676180607669,0.0176994573116793,0.0323388136990158,0.0985315173574029,0.176496686762675,0.63776590680846,0.0239827395498924,0.2816302997565068,0.6943869606936007,0.0,0.438476898806052,0.561523101193948,0.518304995130804,0.383243045452293,0.0381242022457029,0.0603277571712001,0.9967795658198888,0.0,0.0032204341801112
GM0362,0.0371676180607669,0.0176994573116793,0.0323388136990158,0.0985315173574029,0.176496686762675,0.63776590680846,0.0239827395498924,0.2816302997565068,0.6943869606936007,0.0,0.438476898806052,0.561523101193948,0.518304995130804,0.383243045452293,0.0381242022457029,0.0603277571712001,0.9967795658198888,0.0,0.0032204341801112
GM0363,0.0371676180607669,0.0176994573116793,0.0323388136990158,0.0985315173574029,0.176496686762675,0.63776590680846,0.0239827395498924,0.2816302997565068,0.6943869606936007,0.0,0.438476898806052,0.561523101193948,0.518304995130804,0.383243045452293,0.0381242022457029,0.0603277571712001,0.9967795658198888,0.0,0.0032204341801112
GM0373,0.0371676180607669,0.0176994573116793,0.0323388136990158,0.0985315173574029,0.176496686762675,0.63776590680846,0.0239827395498924,0.2816302997565068,0.6943869606936007,0.0,0.438476898806052,0.561523101193948,0.518304995130804,0.383243045452293,0.0381242022457029,0.0603277571712001,0.9967795658198888,0.0,0.0032204341801112
GM0375,0.0371676180607669,0.0176994573116793,0.0323388136990158,0.0985315173574029,0.176496686762675,0.63776590680846,0.0239827395498924,0.2816302997565068,0.6943869606936007,0.0,0.438476898806052,0.561523101193948,0.518304995130804,0.383243045452293,0.0381242022457029,0.0603277571712001,0.9967795658198888,0.0,0.0032204341801112
GM0376,0.0371676180607669,0.0176994573116793,0.0323388136990158,0.0985315173574029,0.176496686762675,0.63776590680846,0.0239827395498924,0.2816302997565068,0.6943869606936007,0.0,0.438476898806052,0.561523101193948,0.518304995130804,0.383243045452293,0.0381242022457029,0.0603277571712001,0.9967795658198888,0.0,0.0032204341801112
GM0377,0.0371676180607669,0.0176994573116793,0.0323388136990158,0.0985315173574029,0.176496686762675,0.63776590680846,0.0239827395498924,0.2816302997565068,0.6943869606936007,0.0,0.438476898806052,0.561523101193948,0.518304995130804,0.383243045452293,0.0381242022457029,0.0603277571712001,0.9967795658198888,0.0,0.0032204341801112
GM0383,0.0371676180607669,0.0176994573116793,0.0323388136990158,0.0985315173574029,0.176496686762675,0.63776590680846,0.0239827395498924,0.2816302997565068,0.6943869606936007,0.0,0.438476898806052,0.561523101193948,0.518304995130804,0.383243045452293,0.0381242022457029,0.0603277571712001,0.9967795658198888,0.0,0.0032204341801112
GM0384,0.0371676180607669,0.0176994573116793,0.0323388136990158,0.0985315173574029,0.176496686762675,0.63776590680846,0.0239827395498924,0.2816302997565068,0.6943869606936007,0.0,0.438476898806052,0.561523101193948,0.518304995130804,0.383243045452293,0.0381242022457029,0.0603277571712001,0.9967795658198888,0.0,0.0032204341801112
GM0385,0.0371676180607669,0.0176994573116793,0.0323388136990158,0.0985315173574029,0.176496686762675,0.63776590680846,0.0239827395498924,0.2816302997565068,0.6943869606936007,0.0,0.438476898806052,0.561523101193948,0.518304995130804,0.383243045452293,0.0381242022457029,0.0603277571712001,0.9967795658198888,0.0,0.0032204341801112
GM0388,0.0371676180607669,0.0176994573116793,0.0323388136990158,0.0985315173574029,0.176496686762675,0.63776590680846,0.0239827395498924,0.2816302997565068,0.6943869606936007,0.0,0.438476898806052,0.561523101193948,0.518304995130804,0.383243045452293,0.0381242022457029,0.0603277571712001,0.9967795658198888,0.0,0.0032204341801112
GM0392,0.0371676180607669,0.0176994573116793,0.0323388136990158,0.0985315173574029,0.176496686762675,0.63776590680846,0.0239827395498924,0.2816302997565068,0.6943869606936007,0.0,0.438476898806052,0.561523101193948,0.518304995130804,0.383243045452293,0.0381242022457029,0.0603277571712001,0.9967795658198888,0.0,0.0032204341801112
GM0394,0.0371676180607669,0.0176994573116793,0.0323388136990158,0.0985315173574029,0.176496686762675,0.63776590680846,0.0239827395498924,0.2816302997565068,0.6943869606936007,0.0,0.438476898806052,0.561523101193948,0.518304995130804,0.383243045452293,0.0381242022457029,0.0603277571712001,0.9967795658198888,0.0,0.0032204341801112
GM0396,0.0371676180607669,0.0176994573116793,0.0323388136990158,0.0985315173574029,0.176496686762675,0.63776590680846,0.0239827395498924,0.2816302997565068,0.6943869606936007,0.0,0.438476898806052,0.561523101193948,0.518304995130804,0.383243045452293,0.0381242022457029,0.0603277571712001,0.9967795658198888,0.0,0.0032204341801112
GM0397,0.0371676180607669,0.0176994573116793,0.0323388136990158,0.0985315173574029,0.176496686762675,0.63776590680846,0.0239827395498924,0.2816302997565068,0.6943869606936007,0.0,0.438476898806052,0.561523101193948,0.518304995130804,0.383243045452293,0.0381242022457029,0.0603277571712001,0.9967795658198888,0.0,0.0032204341801112
GM0399,0.0371676180607669,0.0176994573116793,0.0323388136990158,0.0985315173574029,0.176496686762675,0.63776590680846,0.0239827395498924,0.2816302997565068,0.6943869606936007,0.0,0.438476898806052,0.561523101193948,0.518304995130804,0.383243045452293,0.0381242022457029,0.0603277571712001,0.9967795658198888,0.0,0.0032204341801112
GM0400,0.0371676180607669,0.0176994573116793,0.0323388136990158,0.0985315173574029,0.176496686762675,0.63776590680846,0.0239827395498924,0.2816302997565068,0.6943869606936007,0.0,0.438476898806052,0.561523101193948,0.518304995130804,0.383243045452293,0.0381242022457029,0.0603277571712001,0.9967795658198888,0.0,0.0032204341801112
GM0402,0.0371676180607669,0.0176994573116793,0.0323388136990158,0.0985315173574029,0.176496686762675,0.63776590680846,0.0239827395498924,0.2816302997565068,0.6943869606936007,0.0,0.438476898806052,0.561523101193948,0.518304995130804,0.383243045452293,0.0381242022457029,0.0603277571712001,0.9967795658198888,0.0,0.0032204341801112
GM0405,0.0371676180607669,0.0176994573116793,0.0323388136990158,0.0985315173574029,0.176496686762675,0.63776590680846,0.0239827395498924,0.2816302997565068,0.6943869606936007,0.0,0.438476898806052,0.561523101193948,0.518304995130804,0.383243045452293,0.0381242022457029,0.0603277571712001,0.9967795658198888,0.0,0.0032204341801112
GM0406,0.0371676180607669,0.0176994573116793,0.0323388136990158,0.0985315173574029,0.176496686762675,0.63776590680846,0.0239827395498924,0.2816302997565068,0.6943869606936007,0.0,0.438476898806052,0.561523101193948,0.518304995130804,0.383243045452293,0.0381242022457029,0.0603277571712001,0.9967795658198888,0.0,0.0032204341801112
GM0415,0.0371676180607669,0.0176994573116793,0.0323388136990158,0.0985315173574029,0.176496686762675,0.63776590680846,0.0239827395498924,0.2816302997565068,0.6943869606936007,0.0,0.438476898806052,0.561523101193948,0.518304995130804,0.383243045452293,0.0381242022457029,0.0603277571712001,0.9967795658198888,0.0,0.0032204341801112
GM0417,0.0371676180607669,0.0176994573116793,0.0323388136990158,0.0985315173574029,0.176496686762675,0.63776590680846,0.0239827395498924,0.2816302997565068,0.6943869606936007,0.0,0.438476898806052,0.561523101193948,0.518304995130804,0.383243045452293,0.0381242022457029,0.0603277571712001,0.9967795658198888,0.0,0.0032204341801112
GM0420,0.0371676180607669,0.0176994573116793,0.0323388136990158,0.0985315173574029,0.176496686762675,0.63776590680846,0.0239827395498924,0.2816302997565068,0.6943869606936007,0.0,0.438476898806052,0.561523101193948,0.518304995130804,0.383243045452293,0.0381242022457029,0.0603277571712001,0.9967795658198888,0.0,0.0032204341801112
GM0431,0.0371676180607669,0.0176994573116793,0.0323388136990158,0.0985315173574029,0.176496686762675,0.63776590680846,0.0239827395498924,0.2816302997565068,0.6943869606936007,0.0,0.438476898806052,0.561523101193948,0.518304995130804,0.383243045452293,0.0381242022457029,0.0603277571712001,0.9967795658198888,0.0,0.0032204341801112
GM0432,0.0371676180607669,0.0176994573116793,0.0323388136990158,0.0985315173574029,0.176496686762675,0.63776590680846,0.0239827395498924,0.2816302997565068,0.6943869606936007,0.0,0.438476898806052,0.561523101193948,0.518304995130804,0.383243045452293,0.0381242022457029,0.0603277571712001,0.9967795658198888,0.0,0.0032204341801112
GM0437,0.0371676180607669,0.0176994573116793,0.0323388136990158,0.0985315173574029,0.176496686762675,0.63776590680846,0.0239827395498924,0.2816302997565068,0.6943869606936007,0.0,0.438476898806052,0.561523101193948,0.518304995130804,0.383243045452293,0.0381242022457029,0.0603277571712001,0.9967795658198888,0.0,0.0032204341801112
GM0439,0.0371676180607669,0.0176994573116793,0.0323388136990158,0.0985315173574029,0.176496686762675,0.63776590680846,0.0239827395498924,0.2816302997565068,0.6943869606936007,0.0,0.438476898806052,0.561523101193948,0.518304995130804,0.383243045452293,0.0381242022457029,0.0603277571712001,0.9967795658198888,0.0,0.0032204341801112
GM0441,0.0371676180607669,0.0176994573116793,0.0323388136990158,0.0985315173574029,0.176496686762675,0.63776590680846,0.0239827395498924,0.2816302997565068,0.6943869606936007,0.0,0.438476898806052,0.561523101193948,0.518304995130804,0.383243045452293,0.0381242022457029,0.0603277571712001,0.9967795658198888,0.0,0.0032204341801112
GM0448,0.0371676180607669,0.0176994573116793,0.0323388136990158,0.0985315173574029,0.176496686762675,0.63776590680846,0.0239827395498924,0.2816302997565068,0.6943869606936007,0.0,0.438476898806052,0.561523101193948,0.518304995130804,0.383243045452293,0.0381242022457029,0.0603277571712001,0.9967795658198888,0.0,0.0032204341801112
GM0450,0.0371676180607669,0.0176994573116793,0.0323388136990158,0.0985315173574029,0.176496686762675,0.63776590680846,0.0239827395498924,0.2816302997565068,0.6943869606936007,0.0,0.438476898806052,0.561523101193948,0.518304995130804,0.383243045452293,0.0381242022457029,0.0603277571712001,0.9967795658198888,0.0,0.0032204341801112
GM0451,0.0371676180607669,0.0176994573116793,0.0323388136990158,0.0985315173574029,0.176496686762675,0.63776590680846,0.0239827395498924,0.2816302997565068,0.6943869606936007,0.0,0.438476898806052,0.561523101193948,0.518304995130804,0.383243045452293,0.0381242022457029,0.0603277571712001,0.9967795658198888,0.0,0.0032204341801112
GM0453,0.0371676180607669,0.0176994573116793,0.0323388136990158,0.0985315173574029,0.176496686762675,0.63776590680846,0.0239827395498924,0.2816302997565068,0.6943869606936007,0.0,0.438476898806052,0.561523101193948,0.518304995130804,0.383243045452293,0.0381242022457029,0.0603277571712001,0.9967795658198888,0.0,0.0032204341801112
GM0473,0.0371676180607669,0.0176994573116793,0.0323388136990158,0.0985315173574029,0.176496686762675,0.63776590680846,0.0239827395498924,0.2816302997565068,0.6943869606936007,0.0,0.438476898806052,0.561523101193948,0.518304995130804,0.383243045452293,0.0381242022457029,0.0603277571712001,0.9967795658198888,0.0,0.0032204341801112
GM0479,0.0371676180607669,0.0176994573116793,0.0323388136990158,0.0985315173574029,0.176496686762675,0.63776590680846,0.0239827395498924,0.2816302997565068,0.6943869606936007,0.0,0.438476898806052,0.561523101193948,0.518304995130804,0.383243045452293,0.0381242022457029,0.0603277571712001,0.9967795658198888,0.0,0.0032204341801112
GM0482,0.0371676180607669,0.0176994573116793,0.0323388136990158,0.0985315173574029,0.176496686762675,0.63776590680846,0.0239827395498924,0.2816302997565068,0.6943869606936007,0.0,0.438476898806052,0.561523101193948,0.518304995130804,0.383243045452293,0.0381242022457029,0.0603277571712001,0.9967795658198888,0.0,0.0032204341801112
GM0484,0.0371676180607669,0.0176994573116793,0.0323388136990158,0.0985315173574029,0.176496686762675,0.63776590680846,0.0239827395498924,0.2816302997565068,0.6943869606936007,0.0,0.438476898806052,0.561523101193948,0.518304995130804,0.383243045452293,0.0381242022457029,0.0603277571712001,0.9967795658198888,0.0,0.0032204341801112
GM0489,0.0371676180607669,0.0176994573116793,0.0323388136990158,0.0985315173574029,0.176496686762675,0.63776590680846,0.0239827395498924,0.2816302997565068,0.6943869606936007,0.0,0.438476898806052,0.561523101193948,0.518304995130804,0.383243045452293,0.0381242022457029,0.0603277571712001,0.9967795658198888,0.0,0.0032204341801112
GM0498,0.0371676180607669,0.0176994573116793,0.0323388136990158,0.0985315173574029,0.176496686762675,0.63776590680846,0.0239827395498924,0.2816302997565068,0.6943869606936007,0.0,0.438476898806052,0.561523101193948,0.518304995130804,0.383243045452293,0.0381242022457029,0.0603277571712001,0.9967795658198888,0.0,0.0032204341801112
GM0502,0.0371676180607669,0.0176994573116793,0.0323388136990158,0.0985315173574029,0.176496686762675,0.63776590680846,0.0239827395498924,0.2816302997565068,0.6943869606936007,0.0,0.438476898806052,0.561523101193948,0.518304995130804,0.383243045452293,0.0381242022457029,0.0603277571712001,0.9967795658198888,0.0,0.0032204341801112
GM0503,0.0371676180607669,0.0176994573116793,0.0323388136990158,0.0985315173574029,0.176496686762675,0.63776590680846,0.0239827395498924,0.2816302997565068,0.6943869606936007,0.0,0.438476898806052,0.561523101193948,0.518304995130804,0.383243045452293,0.0381242022457029,0.0603277571712001,0.9967795658198888,0.0,0.0032204341801112
GM0505,0.0371676180607669,0.0176994573116793,0.0323388136990158,0.0985315173574029,0.176496686762675,0.63776590680846,0.0239827395498924,0.2816302997565068,0.6943869606936007,0.0,0.438476898806052,0.561523101193948,0.518304995130804,0.383243045452293,0.0381242022457029,0.0603277571712001,0.9967795658198888,0.0,0.0032204341801112
GM0512,0.0371676180607669,0.0176994573116793,0.0323388136990158,0.0985315173574029,0.176496686762675,0.63776590680846,0.0239827395498924,0.2816302997565068,0.6943869606936007,0.0,0.438476898806052,0.561523101193948,0.518304995130804,0.383243045452293,0.0381242022457029,0.0603277571712001,0.9967795658198888,0.0,0.0032204341801112
GM0513,0.0371676180607669,0.0176994573116793,0.0323388136990158,0.0985315173574029,0.176496686762675,0.63776590680846,0.0239827395498924,0.2816302997565068,0.6943869606936007,0.0,0.438476898806052,0.561523101193948,0.518304995130804,0.383243045452293,0.0381242022457029,0.0603277571712001,0.9967795658198888,0.0,0.0032204341801112
GM0518,0.0371676180607669,0.0176994573116793,0.0323388136990158,0.0985315173574029,0.176496686762675,0.63776590680846,0.0239827395498924,0.2816302997565068,0.6943869606936007,0.0,0.438476898806052,0.561523101193948,0.518304995130804,0.383243045452293,0.0381242022457029,0.0603277571712001,0.9967795658198888,0.0,0.0032204341801112
GM0523,0.0371676180607669,0.0176994573116793,0.0323388136990158,0.0985315173574029,0.176496686762675,0.63776590680846,0.0239827395498924,0.2816302997565068,0.6943869606936007,0.0,0.438476898806052,0.561523101193948,0.518304995130804,0.383243045452293,0.0381242022457029,0.0603277571712001,0.9967795658198888,0.0,0.0032204341801112
GM0531,0.0371676180607669,0.0176994573116793,0.0323388136990158,0.0985315173574029,0.176496686762675,0.63776590680846,0.0239827395498924,0.2816302997565068,0.6943869606936007,0.0,0.438476898806052,0.561523101193948,0.518304995130804,0.383243045452293,0.0381242022457029,0.0603277571712001,0.9967795658198888,0.0,0.0032204341801112
GM0532,0.0371676180607669,0.0176994573116793,0.0323388136990158,0.0985315173574029,0.176496686762675,0.63776590680846,0.0239827395498924,0.2816302997565068,0.6943869606936007,0.0,0.438476898806052,0.561523101193948,0.518304995130804,0.383243045452293,0.0381242022457029,0.0603277571712001,0.9967795658198888,0.0,0.0032204341801112
GM0534,0.0371676180607669,0.0176994573116793,0.0323388136990158,0.0985315173574029,0.176496686762675,0.63776590680846,0.0239827395498924,0.2816302997565068,0.6943869606936007,0.0,0.438476898806052,0.561523101193948,0.518304995130804,0.383243045452293,0.0381242022457029,0.0603277571712001,0.9967795658198888,0.0,0.0032204341801112
GM0537,0.0371676180607669,0.0176994573116793,0.0323388136990158,0.0985315173574029,0.176496686762675,0.63776590680846,0.0239827395498924,0.2816302997565068,0.6943869606936007,0.0,0.438476898806052,0.561523101193948,0.518304995130804,0.383243045452293,0.0381242022457029,0.0603277571712001,0.9967795658198888,0.0,0.0032204341801112
GM0542,0.0371676180607669,0.0176994573116793,0.0323388136990158,0.0985315173574029,0.176496686762675,0.63776590680846,0.0239827395498924,0.2816302997565068,0.6943869606936007,0.0,0.438476898806052,0.561523101193948,0.518304995130804,0.383243045452293,0.0381242022457029,0.0603277571712001,0.9967795658198888,0.0,0.0032204341801112
GM0546,0.0371676180607669,0.0176994573116793,0.0323388136990158,0.0985315173574029,0.176496686762675,0.63776590680846,0.0239827395498924,0.2816302997565068,0.6943869606936007,0.0,0.438476898806052,0.561523101193948,0.518304995130804,0.383243045452293,0.0381242022457029,0.0603277571712001,0.9967795658198888,0.0,0.0032204341801112
GM0547,0.0371676180607669,0.0176994573116793,0.0323388136990158,0.0985315173574029,0.176496686762675,0.63776590680846,0.0239827395498924,0.2816302997565068,0.6943869606936007,0.0,0.438476898806052,0.561523101193948,0.518304995130804,0.383243045452293,0.0381242022457029,0.0603277571712001,0.9967795658198888,0.0,0.0032204341801112
GM0553,0.0371676180607669,0.0176994573116793,0.0323388136990158,0.0985315173574029,0.176496686762675,0.63776590680846,0.0239827395498924,0.2816302997565068,0.6943869606936007,0.0,0.438476898806052,0.561523101193948,0.518304995130804,0.383243045452293,0.0381242022457029,0.0603277571712001,0.9967795658198888,0.0,0.0032204341801112
GM0556,0.0371676180607669,0.0176994573116793,0.0323388136990158,0.0985315173574029,0.176496686762675,0.63776590680846,0.0239827395498924,0.2816302997565068,0.6943869606936007,0.0,0.438476898806052,0.561523101193948,0.518304995130804,0.383243045452293,0.0381242022457029,0.0603277571712001,0.9967795658198888,0.0,0.0032204341801112
GM0569,0.0371676180607669,0.0176994573116793,0.0323388136990158,0.0985315173574029,0.176496686762675,0.63776590680846,0.0239827395498924,0.2816302997565068,0.6943869606936007,0.0,0.438476898806052,0.561523101193948,0.518304995130804,0.383243045452293,0.0381242022457029,0.0603277571712001,0.9967795658198888,0.0,0.0032204341801112
GM0575,0.0371676180607669,0.0176994573116793,0.0323388136990158,0.0985315173574029,0.176496686762675,0.63776590680846,0.0239827395498924,0.2816302997565068,0.6943869606936007,0.0,0.438476898806052,0.561523101193948,0.518304995130804,0.383243045452293,0.0381242022457029,0.0603277571712001,0.9967795658198888,0.0,0.0032204341801112
GM0579,0.0371676180607669,0.0176994573116793,0.0323388136990158,0.0985315173574029,0.176496686762675,0.63776590680846,0.0239827395498924,0.2816302997565068,0.6943869606936007,0.0,0.438476898806052,0.561523101193948,0.518304995130804,0.383243045452293,0.0381242022457029,0.0603277571712001,0.9967795658198888,0.0,0.0032204341801112
GM0589,0.0371676180607669,0.0176994573116793,0.0323388136990158,0.0985315173574029,0.176496686762675,0.63776590680846,0.0239827395498924,0.2816302997565068,0.6943869606936007,0.0,0.438476898806052,0.561523101193948,0.518304995130804,0.383243045452293,0.0381242022457029,0.0603277571712001,0.9967795658198888,0.0,0.0032204341801112
GM0590,0.0371676180607669,0.0176994573116793,0.0323388136990158,0.0985315173574029,0.176496686762675,0.63776590680846,0.0239827395498924,0.2816302997565068,0.6943869606936007,0.0,0.438476898806052,0.561523101193948,0.518304995130804,0.383243045452293,0.0381242022457029,0.0603277571712001,0.9967795658198888,0.0,0.0032204341801112
GM0597,0.0371676180607669,0.0176994573116793,0.0323388136990158,0.0985315173574029,0.176496686762675,0.63776590680846,0.0239827395498924,0.2816302997565068,0.6943869606936007,0.0,0.438476898806052,0.561523101193948,0.518304995130804,0.383243045452293,0.0381242022457029,0.0603277571712001,0.9967795658198888,0.0,0.0032204341801112
GM0599,0.0371676180607669,0.0176994573116793,0.0323388136990158,0.0985315173574029,0.176496686762675,0.63776590680846,0.0239827395498924,0.2816302997565068,0.6943869606936007,0.0,0.438476898806052,0.561523101193948,0.518304995130804,0.383243045452293,0.0381242022457029,0.0603277571712001,0.9967795658198888,0.0,0.0032204341801112
GM0603,0.0371676180607669,0.0176994573116793,0.0323388136990158,0.0985315173574029,0.176496686762675,0.63776590680846,0.0239827395498924,0.2816302997565068,0.6943869606936007,0.0,0.438476898806052,0.561523101193948,0.518304995130804,0.383243045452293,0.0381242022457029,0.0603277571712001,0.9967795658198888,0.0,0.0032204341801112
GM0606,0.0371676180607669,0.0176994573116793,0.0323388136990158,0.0985315173574029,0.176496686762675,0.63776590680846,0.0239827395498924,0.2816302997565068,0.6943869606936007,0.0,0.438476898806052,0.561523101193948,0.518304995130804,0.383243045452293,0.0381242022457029,0.0603277571712001,0.9967795658198888,0.0,0.0032204341801112
GM0610,0.0371676180607669,0.0176994573116793,0.0323388136990158,0.0985315173574029,0.176496686762675,0.63776590680846,0.0239827395498924,0.2816302997565068,0.6943869606936007,0.0,0.438476898806052,0.561523101193948,0.518304995130804,0.383243045452293,0.0381242022457029,0.0603277571712001,0.9967795658198888,0.0,0.0032204341801112
GM0613,0.0371676180607669,0.0176994573116793,0.0323388136990158,0.0985315173574029,0.176496686762675,0.63776590680846,0.0239827395498924,0.2816302997565068,0.6943869606936007,0.0,0.438476898806052,0.561523101193948,0.518304995130804,0.383243045452293,0.0381242022457029,0.0603277571712001,0.9967795658198888,0.0,0.0032204341801112
GM0622,0.0371676180607669,0.0176994573116793,0.0323388136990158,0.0985315173574029,0.176496686762675,0.63776590680846,0.0239827395498924,0.2816302997565068,0.6943869606936007,0.0,0.438476898806052,0.561523101193948,0.518304995130804,0.383243045452293,0.0381242022457029,0.0603277571712001,0.9967795658198888,0.0,0.0032204341801112
GM0626,0.0371676180607669,0.0176994573116793,0.0323388136990158,0.0985315173574029,0.176496686762675,0.63776590680846,0.0239827395498924,0.2816302997565068,0.6943869606936007,0.0,0.438476898806052,0.561523101193948,0.518304995130804,0.383243045452293,0.0381242022457029,0.0603277571712001,0.9967795658198888,0.0,0.0032204341801112
GM0627,0.0371676180607669,0.0176994573116793,0.0323388136990158,0.0985315173574029,0.176496686762675,0.63776590680846,0.0239827395498924,0.2816302997565068,0.6943869606936007,0.0,0.438476898806052,0.561523101193948,0.518304995130804,0.383243045452293,0.0381242022457029,0.0603277571712001,0.9967795658198888,0.0,0.0032204341801112
GM0629,0.0371676180607669,0.0176994573116793,0.0323388136990158,0.0985315173574029,0.176496686762675,0.63776590680846,0.0239827395498924,0.2816302997565068,0.6943869606936007,0.0,0.438476898806052,0.561523101193948,0.518304995130804,0.383243045452293,0.0381242022457029,0.0603277571712001,0.9967795658198888,0.0,0.0032204341801112
GM0632,0.0371676180607669,0.0176994573116793,0.0323388136990158,0.0985315173574029,0.176496686762675,0.63776590680846,0.0239827395498924,0.2816302997565068,0.6943869606936007,0.0,0.438476898806052,0.561523101193948,0.518304995130804,0.383243045452293,0.0381242022457029,0.0603277571712001,0.9967795658198888,0.0,0.0032204341801112
GM0637,0.0371676180607669,0.0176994573116793,0.0323388136990158,0.0985315173574029,0.176496686762675,0.63776590680846,0.0239827395498924,0.2816302997565068,0.6943869606936007,0.0,0.438476898806052,0.561523101193948,0.518304995130804,0.383243045452293,0.0381242022457029,0.0603277571712001,0.9967795658198888,0.0,0.0032204341801112
GM0638,0.0371676180607669,0.0176994573116793,0.0323388136990158,0.0985315173574029,0.176496686762675,0.63776590680846,0.0239827395498924,0.2816302997565068,0.6943869606936007,0.0,0.438476898806052,0.561523101193948,0.518304995130804,0.383243045452293,0.0381242022457029,0.0603277571712001,0.9967795658198888,0.0,0.0032204341801112
GM0642,0.0371676180607669,0.0176994573116793,0.0323388136990158,0.0985315173574029,0.176496686762675,0.63776590680846,0.0239827395498924,0.2816302997565068,0.6943869606936007,0.0,0.438476898806052,0.561523101193948,0.518304995130804,0.383243045452293,0.0381242022457029,0.0603277571712001,0.9967795658198888,0.0,0.0032204341801112
GM0654,0.0371676180607669,0.0176994573116793,0.0323388136990158,0.0985315173574029,0.176496686762675,0.63776590680846,0.0239827395498924,0.2816302997565068,0.6943869606936007,0.0,0.438476898806052,0.561523101193948,0.518304995130804,0.383243045452293,0.0381242022457029,0.0603277571712001,0.9967795658198888,0.0,0.0032204341801112
GM0664,0.0371676180607669,0.0176994573116793,0.0323388136990158,0.0985315173574029,0.176496686762675,0.63776590680846,0.0239827395498924,0.2816302997565068,0.6943869606936007,0.0,0.438476898806052,0.561523101193948,0.518304995130804,0.383243045452293,0.0381242022457029,0.0603277571712001,0.9967795658198888,0.0,0.0032204341801112
GM0668,0.0371676180607669,0.0176994573116793,0.0323388136990158,0.0985315173574029,0.176496686762675,0.63776590680846,0.0239827395498924,0.2816302997565068,0.6943869606936007,0.0,0.438476898806052,0.561523101193948,0.518304995130804,0.383243045452293,0.0381242022457029,0.0603277571712001,0.9967795658198888,0.0,0.0032204341801112
GM0677,0.0371676180607669,0.0176994573116793,0.0323388136990158,0.0985315173574029,0.176496686762675,0.63776590680846,0.0239827395498924,0.2816302997565068,0.6943869606936007,0.0,0.438476898806052,0.561523101193948,0.518304995130804,0.383243045452293,0.0381242022457029,0.0603277571712001,0.9967795658198888,0.0,0.0032204341801112
GM0678,0.0371676180607669,0.0176994573116793,0.0323388136990158,0.0985315173574029,0.176496686762675,0.63776590680846,0.0239827395498924,0.2816302997565068,0.6943869606936007,0.0,0.438476898806052,0.561523101193948,0.518304995130804,0.383243045452293,0.0381242022457029,0.0603277571712001,0.9967795658198888,0.0,0.0032204341801112
GM0687,0.0371676180607669,0.0176994573116793,0.0323388136990158,0.0985315173574029,0.176496686762675,0.63776590680846,0.0239827395498924,0.2816302997565068,0.6943869606936007,0.0,0.438476898806052,0.561523101193948,0.518304995130804,0.383243045452293,0.0381242022457029,0.0603277571712001,0.9967795658198888,0.0,0.0032204341801112
GM0703,0.0371676180607669,0.0176994573116793,0.0323388136990158,0.0985315173574029,0.176496686762675,0.63776590680846,0.0239827395498924,0.2816302997565068,0.6943869606936007,0.0,0.438476898806052,0.561523101193948,0.518304995130804,0.383243045452293,0.0381242022457029,0.0603277571712001,0.9967795658198888,0.0,0.0032204341801112
GM0715,0.0371676180607669,0.0176994573116793,0.0323388136990158,0.0985315173574029,0.176496686762675,0.63776590680846,0.0239827395498924,0.2816302997565068,0.6943869606936007,0.0,0.438476898806052,0.561523101193948,0.518304995130804,0.383243045452293,0.0381242022457029,0.0603277571712001,0.9967795658198888,0.0,0.0032204341801112
GM0716,0.0371676180607669,0.0176994573116793,0.0323388136990158,0.0985315173574029,0.176496686762675,0.63776590680846,0.0239827395498924,0.2816302997565068,0.6943869606936007,0.0,0.438476898806052,0.561523101193948,0.518304995130804,0.383243045452293,0.0381242022457029,0.0603277571712001,0.9967795658198888,0.0,0.0032204341801112
GM0717,0.0371676180607669,0.0176994573116793,0.0323388136990158,0.0985315173574029,0.176496686762675,0.63776590680846,0.0239827395498924,0.2816302997565068,0.6943869606936007,0.0,0.438476898806052,0.561523101193948,0.518304995130804,0.383243045452293,0.0381242022457029,0.0603277571712001,0.9967795658198888,0.0,0.0032204341801112
GM0718,0.0371676180607669,0.0176994573116793,0.0323388136990158,0.0985315173574029,0.176496686762675,0.63776590680846,0.0239827395498924,0.2816302997565068,0.6943869606936007,0.0,0.438476898806052,0.561523101193948,0.518304995130804,0.383243045452293,0.0381242022457029,0.0603277571712001,0.9967795658198888,0.0,0.0032204341801112
GM0736,0.0371676180607669,0.0176994573116793,0.0323388136990158,0.0985315173574029,0.176496686762675,0.63776590680846,0.0239827395498924,0.2816302997565068,0.6943869606936007,0.0,0.438476898806052,0.561523101193948,0.518304995130804,0.383243045452293,0.0381242022457029,0.0603277571712001,0.9967795658198888,0.0,0.0032204341801112
GM0737,0.0371676180607669,0.0176994573116793,0.0323388136990158,0.0985315173574029,0.176496686762675,0.63776590680846,0.0239827395498924,0.2816302997565068,0.6943869606936007,0.0,0.438476898806052,0.561523101193948,0.518304995130804,0.383243045452293,0.0381242022457029,0.0603277571712001,0.9967795658198888,0.0,0.0032204341801112
GM0743,0.0371676180607669,0.0176994573116793,0.0323388136990158,0.0985315173574029,0.176496686762675,0.63776590680846,0.0239827395498924,0.2816302997565068,0.6943869606936007,0.0,0.438476898806052,0.561523101193948,0.518304995130804,0.383243045452293,0.0381242022457029,0.0603277571712001,0.9967795658198888,0.0,0.0032204341801112
GM0744,0.0371676180607669,0.0176994573116793,0.0323388136990158,0.0985315173574029,0.176496686762675,0.63776590680846,0.0239827395498924,0.2816302997565068,0.6943869606936007,0.0,0.438476898806052,0.561523101193948,0.518304995130804,0.383243045452293,0.0381242022457029,0.0603277571712001,0.9967795658198888,0.0,0.0032204341801112
GM0748,0.0371676180607669,0.0176994573116793,0.0323388136990158,0.0985315173574029,0.176496686762675,0.63776590680846,0.0239827395498924,0.2816302997565068,0.6943869606936007,0.0,0.438476898806052,0.561523101193948,0.518304995130804,0.383243045452293,0.0381242022457029,0.0603277571712001,0.9967795658198888,0.0,0.0032204341801112
GM0753,0.0371676180607669,0.0176994573116793,0.0323388136990158,0.0985315173574029,0.176496686762675,0.63776590680846,0.0239827395498924,0.2816302997565068,0.6943869606936007,0.0,0.438476898806052,0.561523101193948,0.518304995130804,0.383243045452293,0.0381242022457029,0.0603277571712001,0.9967795658198888,0.0,0.0032204341801112
GM0755,0.0371676180607669,0.0176994573116793,0.0323388136990158,0.0985315173574029,0.176496686762675,0.63776590680846,0.0239827395498924,0.2816302997565068,0.6943869606936007,0.0,0.438476898806052,0.561523101193948,0.518304995130804,0.383243045452293,0.0381242022457029,0.0603277571712001,0.9967795658198888,0.0,0.0032204341801112
GM0757,0.0371676180607669,0.0176994573116793,0.0323388136990158,0.0985315173574029,0.176496686762675,0.63776590680846,0.0239827395498924,0.2816302997565068,0.6943869606936007,0.0,0.438476898806052,0.561523101193948,0.518304995130804,0.383243045452293,0.0381242022457029,0.0603277571712001,0.9967795658198888,0.0,0.0032204341801112
GM0758,0.0371676180607669,0.0176994573116793,0.0323388136990158,0.0985315173574029,0.176496686762675,0.63776590680846,0.0239827395498924,0.2816302997565068,0.6943869606936007,0.0,0.438476898806052,0.561523101193948,0.518304995130804,0.383243045452293,0.0381242022457029,0.0603277571712001,0.9967795658198888,0.0,0.0032204341801112
GM0762,0.0371676180607669,0.0176994573116793,0.0323388136990158,0.0985315173574029,0.176496686762675,0.63776590680846,0.0239827395498924,0.2816302997565068,0.6943869606936007,0.0,0.438476898806052,0.561523101193948,0.518304995130804,0.383243045452293,0.0381242022457029,0.0603277571712001,0.9967795658198888,0.0,0.0032204341801112
GM0765,0.0371676180607669,0.0176994573116793,0.0323388136990158,0.0985315173574029,0.176496686762675,0.63776590680846,0.0239827395498924,0.2816302997565068,0.6943869606936007,0.0,0.438476898806052,0.561523101193948,0.518304995130804,0.383243045452293,0.0381242022457029,0.0603277571712001,0.9967795658198888,0.0,0.0032204341801112
GM0766,0.0371676180607669,0.0176994573116793,0.0323388136990158,0.0985315173574029,0.176496686762675,0.63776590680846,0.0239827395498924,0.2816302997565068,0.6943869606936007,0.0,0.438476898806052,0.561523101193948,0.518304995130804,0.383243045452293,0.0381242022457029,0.0603277571712001,0.9967795658198888,0.0,0.0032204341801112
GM0770,0.0371676180607669,0.0176994573116793,0.0323388136990158,0.0985315173574029,0.176496686762675,0.63776590680846,0.0239827395498924,0.2816302997565068,0.6943869606936007,0.0,0.438476898806052,0.561523101193948,0.518304995130804,0.383243045452293,0.0381242022457029,0.0603277571712001,0.9967795658198888,0.0,0.0032204341801112
GM0772,0.0371676180607669,0.0176994573116793,0.0323388136990158,0.0985315173574029,0.176496686762675,0.63776590680846,0.0239827395498924,0.2816302997565068,0.6943869606936007,0.0,0.438476898806052,0.561523101193948,0.518304995130804,0.383243045452293,0.0381242022457029,0.0603277571712001,0.9967795658198888,0.0,0.0032204341801112
GM0777,0.0371676180607669,0.0176994573116793,0.0323388136990158,0.0985315173574029,0.176496686762675,0.63776590680846,0.0239827395498924,0.2816302997565068,0.6943869606936007,0.0,0.438476898806052,0.561523101193948,0.518304995130804,0.383243045452293,0.0381242022457029,0.0603277571712001,0.9967795658198888,0.0,0.0032204341801112
GM0779,0.0371676180607669,0.0176994573116793,0.0323388136990158,0.0985315173574029,0.176496686762675,0.63776590680846,0.0239827395498924,0.2816302997565068,0.6943869606936007,0.0,0.438476898806052,0.561523101193948,0.518304995130804,0.383243045452293,0.0381242022457029,0.0603277571712001,0.9967795658198888,0.0,0.0032204341801112
GM0784,0.0371676180607669,0.0176994573116793,0.0323388136990158,0.0985315173574029,0.176496686762675,0.63776590680846,0.0239827395498924,0.2816302997565068,0.6943869606936007,0.0,0.438476898806052,0.561523101193948,0.518304995130804,0.383243045452293,0.0381242022457029,0.0603277571712001,0.9967795658198888,0.0,0.0032204341801112
GM0785,0.0371676180607669,0.0176994573116793,0.0323388136990158,0.0985315173574029,0.176496686762675,0.63776590680846,0.0239827395498924,0.2816302997565068,0.6943869606936007,0.0,0.438476898806052,0.561523101193948,0.518304995130804,0.383243045452293,0.0381242022457029,0.0603277571712001,0.9967795658198888,0.0,0.0032204341801112
GM0794,0.0371676180607669,0.0176994573116793,0.0323388136990158,0.0985315173574029,0.176496686762675,0.63776590680846,0.0239827395498924,0.2816302997565068,0.6943869606936007,0.0,0.438476898806052,0.561523101193948,0.518304995130804,0.383243045452293,0.0381242022457029,0.0603277571712001,0.9967795658198888,0.0,0.0032204341801112
GM0796,0.0371676180607669,0.0176994573116793,0.0323388136990158,0.0985315173574029,0.176496686762675,0.63776590680846,0.0239827395498924,0.2816302997565068,0.6943869606936007,0.0,0.438476898806052,0.561523101193948,0.518304995130804,0.383243045452293,0.0381242022457029,0.0603277571712001,0.9967795658198888,0.0,0.0032204341801112
GM0797,0.0371676180607669,0.0176994573116793,0.0323388136990158,0.0985315173574029,0.176496686762675,0.63776590680846,0.0239827395498924,0.2816302997565068,0.6943869606936007,0.0,0.438476898806052,0.561523101193948,0.518304995130804,0.383243045452293,0.0381242022457029,0.0603277571712001,0.9967795658198888,0.0,0.0032204341801112
GM0798,0.0371676180607669,0.0176994573116793,0.0323388136990158,0.0985315173574029,0.176496686762675,0.63776590680846,0.0239827395498924,0.2816302997565068,0.6943869606936007,0.0,0.438476898806052,0.561523101193948,0.518304995130804,0.383243045452293,0.0381242022457029,0.0603277571712001,0.9967795658198888,0.0,0.0032204341801112
GM0809,0.0371676180607669,0.0176994573116793,0.0323388136990158,0.0985315173574029,0.176496686762675,0.63776590680846,0.0239827395498924,0.2816302997565068,0.6943869606936007,0.0,0.438476898806052,0.561523101193948,0.518304995130804,0.383243045452293,0.0381242022457029,0.0603277571712001,0.9967795658198888,0.0,0.0032204341801112
GM0820,0.0371676180607669,0.0176994573116793,0.0323388136990158,0.0985315173574029,0.176496686762675,0.63776590680846,0.0239827395498924,0.2816302997565068,0.6943869606936007,0.0,0.438476898806052,0.561523101193948,0.518304995130804,0.383243045452293,0.0381242022457029,0.0603277571712001,0.9967795658198888,0.0,0.0032204341801112
GM0823,0.0371676180607669,0.0176994573116793,0.0323388136990158,0.0985315173574029,0.176496686762675,0.63776590680846,0.0239827395498924,0.2816302997565068,0.6943869606936007,0.0,0.438476898806052,0.561523101193948,0.518304995130804,0.383243045452293,0.0381242022457029,0.0603277571712001,0.9967795658198888,0.0,0.0032204341801112
GM0824,0.0371676180607669,0.0176994573116793,0.0323388136990158,0.0985315173574029,0.176496686762675,0.63776590680846,0.0239827395498924,0.2816302997565068,0.6943869606936007,0.0,0.438476898806052,0.561523101193948,0.518304995130804,0.383243045452293,0.0381242022457029,0.0603277571712001,0.9967795658198888,0.0,0.0032204341801112
GM0826,0.0371676180607669,0.0176994573116793,0.0323388136990158,0.0985315173574029,0.176496686762675,0.63776590680846,0.0239827395498924,0.2816302997565068,0.6943869606936007,0.0,0.438476898806052,0.561523101193948,0.518304995130804,0.383243045452293,0.0381242022457029,0.0603277571712001,0.9967795658198888,0.0,0.0032204341801112
GM0828,0.0371676180607669,0.0176994573116793,0.0323388136990158,0.0985315173574029,0.176496686762675,0.63776590680846,0.0239827395498924,0.2816302997565068,0.6943869606936007,0.0,0.438476898806052,0.561523101193948,0.518304995130804,0.383243045452293,0.0381242022457029,0.0603277571712001,0.9967795658198888,0.0,0.0032204341801112
GM0840,0.0371676180607669,0.0176994573116793,0.0323388136990158,0.0985315173574029,0.176496686762675,0.63776590680846,0.0239827395498924,0.2816302997565068,0.6943869606936007,0.0,0.438476898806052,0.561523101193948,0.518304995130804,0.383243045452293,0.0381242022457029,0.0603277571712001,0.9967795658198888,0.0,0.0032204341801112
GM0845,0.0371676180607669,0.0176994573116793,0.0323388136990158,0.0985315173574029,0.176496686762675,0.63776590680846,0.0239827395498924,0.2816302997565068,0.6943869606936007,0.0,0.438476898806052,0.561523101193948,0.518304995130804,0.383243045452293,0.0381242022457029,0.0603277571712001,0.9967795658198888,0.0,0.0032204341801112
GM0847,0.0371676180607669,0.0176994573116793,0.0323388136990158,0.0985315173574029,0.176496686762675,0.63776590680846,0.0239827395498924,0.2816302997565068,0.6943869606936007,0.0,0.438476898806052,0.561523101193948,0.518304995130804,0.383243045452293,0.0381242022457029,0.0603277571712001,0.9967795658198888,0.0,0.0032204341801112
GM0848,0.0371676180607669,0.0176994573116793,0.0323388136990158,0.0985315173574029,0.176496686762675,0.63776590680846,0.0239827395498924,0.2816302997565068,0.6943869606936007,0.0,0.438476898806052,0.561523101193948,0.518304995130804,0.383243045452293,0.0381242022457029,0.0603277571712001,0.9967795658198888,0.0,0.0032204341801112
GM0851,0.0371676180607669,0.0176994573116793,0.0323388136990158,0.0985315173574029,0.176496686762675,0.63776590680846,0.0239827395498924,0.2816302997565068,0.6943869606936007,0.0,0.438476898806052,0.561523101193948,0.518304995130804,0.383243045452293,0.0381242022457029,0.0603277571712001,0.9967795658198888,0.0,0.0032204341801112
GM0852,0.0371676180607669,0.0176994573116793,0.0323388136990158,0.0985315173574029,0.176496686762675,0.63776590680846,0.0239827395498924,0.2816302997565068,0.6943869606936007,0.0,0.438476898806052,0.561523101193948,0.518304995130804,0.383243045452293,0.0381242022457029,0.0603277571712001,0.9967795658198888,0.0,0.0032204341801112
GM0855,0.0371676180607669,0.0176994573116793,0.0323388136990158,0.0985315173574029,0.176496686762675,0.63776590680846,0.0239827395498924,0.2816302997565068,0.6943869606936007,0.0,0.438476898806052,0.561523101193948,0.518304995130804,0.383243045452293,0.0381242022457029,0.0603277571712001,0.9967795658198888,0.0,0.0032204341801112
GM0858,0.0371676180607669,0.0176994573116793,0.0323388136990158,0.0985315173574029,0.176496686762675,0.63776590680846,0.0239827395498924,0.2816302997565068,0.6943869606936007,0.0,0.438476898806052,0.561523101193948,0.518304995130804,0.383243045452293,0.0381242022457029,0.0603277571712001,0.9967795658198888,0.0,0.0032204341801112
GM0861,0.0371676180607669,0.0176994573116793,0.0323388136990158,0.0985315173574029,0.176496686762675,0.63776590680846,0.0239827395498924,0.2816302997565068,0.6943869606936007,0.0,0.438476898806052,0.561523101193948,0.518304995130804,0.383243045452293,0.0381242022457029,0.0603277571712001,0.9967795658198888,0.0,0.0032204341801112
GM0865,0.0371676180607669,0.0176994573116793,0.0323388136990158,0.0985315173574029,0.176496686762675,0.63776590680846,0.0239827395498924,0.2816302997565068,0.6943869606936007,0.0,0.438476898806052,0.561523101193948,0.518304995130804,0.383243045452293,0.0381242022457029,0.0603277571712001,0.9967795658198888,0.0,0.0032204341801112
GM0866,0.0371676180607669,0.0176994573116793,0.0323388136990158,0.0985315173574029,0.176496686762675,0.63776590680846,0.0239827395498924,0.2816302997565068,0.6943869606936007,0.0,0.438476898806052,0.561523101193948,0.518304995130804,0.383243045452293,0.0381242022457029,0.0603277571712001,0.9967795658198888,0.0,0.0032204341801112
GM0867,0.0371676180607669,0.0176994573116793,0.0323388136990158,0.0985315173574029,0.176496686762675,0.63776590680846,0.0239827395498924,0.2816302997565068,0.6943869606936007,0.0,0.438476898806052,0.561523101193948,0.518304995130804,0.383243045452293,0.0381242022457029,0.0603277571712001,0.9967795658198888,0.0,0.0032204341801112
GM0873,0.0371676180607669,0.0176994573116793,0.0323388136990158,0.0985315173574029,0.176496686762675,0.63776590680846,0.0239827395498924,0.2816302997565068,0.6943869606936007,0.0,0.438476898806052,0.561523101193948,0.518304995130804,0.383243045452293,0.0381242022457029,0.0603277571712001,0.9967795658198888,0.0,0.0032204341801112
GM0879,0.0371676180607669,0.0176994573116793,0.0323388136990158,0.0985315173574029,0.176496686762675,0.63776590680846,0.0239827395498924,0.2816302997565068,0.6943869606936007,0.0,0.438476898806052,0.561523101193948,0.518304995130804,0.383243045452293,0.0381242022457029,0.0603277571712001,0.9967795658198888,0.0,0.0032204341801112
GM0880,0.0371676180607669,0.0176994573116793,0.0323388136990158,0.0985315173574029,0.176496686762675,0.63776590680846,0.0239827395498924,0.2816302997565068,0.6943869606936007,0.0,0.438476898806052,0.561523101193948,0.518304995130804,0.383243045452293,0.0381242022457029,0.0603277571712001,0.9967795658198888,0.0,0.0032204341801112
GM0882,0.0371676180607669,0.0176994573116793,0.0323388136990158,0.0985315173574029,0.176496686762675,0.63776590680846,0.0239827395498924,0.2816302997565068,0.6943869606936007,0.0,0.438476898806052,0.561523101193948,0.518304995130804,0.383243045452293,0.0381242022457029,0.0603277571712001,0.9967795658198888,0.0,0.0032204341801112
GM0888,0.0371676180607669,0.0176994573116793,0.0323388136990158,0.0985315173574029,0.176496686762675,0.63776590680846,0.0239827395498924,0.2816302997565068,0.6943869606936007,0.0,0.438476898806052,0.561523101193948,0.518304995130804,0.383243045452293,0.0381242022457029,0.0603277571712001,0.9967795658198888,0.0,0.0032204341801112
GM0889,0.0371676180607669,0.0176994573116793,0.0323388136990158,0.0985315173574029,0.176496686762675,0.63776590680846,0.0239827395498924,0.2816302997565068,0.6943869606936007,0.0,0.438476898806052,0.561523101193948,0.518304995130804,0.383243045452293,0.0381242022457029,0.0603277571712001,0.9967795658198888,0.0,0.0032204341801112
GM0893,0.0371676180607669,0.0176994573116793,0.0323388136990158,0.0985315173574029,0.176496686762675,0.63776590680846,0.0239827395498924,0.2816302997565068,0.6943869606936007,0.0,0.438476898806052,0.561523101193948,0.518304995130804,0.383243045452293,0.0381242022457029,0.0603277571712001,0.9967795658198888,0.0,0.0032204341801112
GM0899,0.0371676180607669,0.0176994573116793,0.0323388136990158,0.0985315173574029,0.176496686762675,0.63776590680846,0.0239827395498924,0.2816302997565068,0.6943869606936007,0.0,0.438476898806052,0.561523101193948,0.518304995130804,0.383243045452293,0.0381242022457029,0.0603277571712001,0.9967795658198888,0.0,0.0032204341801112
GM0907,0.0371676180607669,0.0176994573116793,0.0323388136990158,0.0985315173574029,0.176496686762675,0.63776590680846,0.0239827395498924,0.2816302997565068,0.6943869606936007,0.0,0.438476898806052,0.561523101193948,0.518304995130804,0.383243045452293,0.0381242022457029,0.0603277571712001,0.9967795658198888,0.0,0.0032204341801112
GM0917,0.0371676180607669,0.0176994573116793,0.0323388136990158,0.0985315173574029,0.176496686762675,0.63776590680846,0.0239827395498924,0.2816302997565068,0.6943869606936007,0.0,0.438476898806052,0.561523101193948,0.518304995130804,0.383243045452293,0.0381242022457029,0.0603277571712001,0.9967795658198888,0.0,0.0032204341801112
GM0928,0.0371676180607669,0.0176994573116793,0.0323388136990158,0.0985315173574029,0.176496686762675,0.63776590680846,0.0239827395498924,0.2816302997565068,0.6943869606936007,0.0,0.438476898806052,0.561523101193948,0.518304995130804,0.383243045452293,0.0381242022457029,0.0603277571712001,0.9967795658198888,0.0,0.0032204341801112
GM0935,0.0371676180607669,0.0176994573116793,0.0323388136990158,0.0985315173574029,0.176496686762675,0.63776590680846,0.0239827395498924,0.2816302997565068,0.6943869606936007,0.0,0.438476898806052,0.561523101193948,0.518304995130804,0.383243045452293,0.0381242022457029,0.0603277571712001,0.9967795658198888,0.0,0.0032204341801112
GM0938,0.0371676180607669,0.0176994573116793,0.0323388136990158,0.0985315173574029,0.176496686762675,0.63776590680846,0.0239827395498924,0.2816302997565068,0.6943869606936007,0.0,0.438476898806052,0.561523101193948,0.518304995130804,0.383243045452293,0.0381242022457029,0.0603277571712001,0.9967795658198888,0.0,0.0032204341801112
GM0944,0.0371676180607669,0.0176994573116793,0.0323388136990158,0.0985315173574029,0.176496686762675,0.63776590680846,0.0239827395498924,0.2816302997565068,0.6943869606936007,0.0,0.438476898806052,0.561523101193948,0.518304995130804,0.383243045452293,0.0381242022457029,0.0603277571712001,0.9967795658198888,0.0,0.0032204341801112
GM0946,0.0371676180607669,0.0176994573116793,0.0323388136990158,0.0985315173574029,0.176496686762675,0.63776590680846,0.0239827395498924,0.2816302997565068,0.6943869606936007,0.0,0.438476898806052,0.561523101193948,0.518304995130804,0.383243045452293,0.0381242022457029,0.0603277571712001,0.9967795658198888,0.0,0.0032204341801112
GM0957,0.0371676180607669,0.0176994573116793,0.0323388136990158,0.0985315173574029,0.176496686762675,0.63776590680846,0.0239827395498924,0.2816302997565068,0.6943869606936007,0.0,0.438476898806052,0.561523101193948,0.518304995130804,0.383243045452293,0.0381242022457029,0.0603277571712001,0.9967795658198888,0.0,0.0032204341801112
GM0965,0.0371676180607669,0.0176994573116793,0.0323388136990158,0.0985315173574029,0.176496686762675,0.63776590680846,0.0239827395498924,0.2816302997565068,0.6943869606936007,0.0,0.438476898806052,0.561523101193948,0.518304995130804,0.383243045452293,0.0381242022457029,0.0603277571712001,0.9967795658198888,0.0,0.0032204341801112
GM0971,0.0371676180607669,0.0176994573116793,0.0323388136990158,0.0985315173574029,0.176496686762675,0.63776590680846,0.0239827395498924,0.2816302997565068,0.6943869606936007,0.0,0.438476898806052,0.561523101193948,0.518304995130804,0.383243045452293,0.0381242022457029,0.0603277571712001,0.9967795658198888,0.0,0.0032204341801112
GM0981,0.0371676180607669,0.0176994573116793,0.0323388136990158,0.0985315173574029,0.176496686762675,0.63776590680846,0.0239827395498924,0.2816302997565068,0.6943869606936007,0.0,0.438476898806052,0.561523101193948,0.518304995130804,0.383243045452293,0.0381242022457029,0.0603277571712001,0.9967795658198888,0.0,0.0032204341801112
GM0983,0.0371676180607669,0.0176994573116793,0.0323388136990158,0.0985315173574029,0.176496686762675,0.63776590680846,0.0239827395498924,0.2816302997565068,0.6943869606936007,0.0,0.438476898806052,0.561523101193948,0.518304995130804,0.383243045452293,0.0381242022457029,0.0603277571712001,0.9967795658198888,0.0,0.0032204341801112
GM0984,0.0371676180607669,0.0176994573116793,0.0323388136990158,0.0985315173574029,0.176496686762675,0.63776590680846,0.0239827395498924,0.2816302997565068,0.6943869606936007,0.0,0.438476898806052,0.561523101193948,0.518304995130804,0.383243045452293,0.0381242022457029,0.0603277571712001,0.9967795658198888,0.0,0.0032204341801112
GM0986,0.0371676180607669,0.0176994573116793,0.0323388136990158,0.0985315173574029,0.176496686762675,0.63776590680846,0.0239827395498924,0.2816302997565068,0.6943869606936007,0.0,0.438476898806052,0.561523101193948,0.518304995130804,0.383243045452293,0.0381242022457029,0.0603277571712001,0.9967795658198888,0.0,0.0032204341801112
GM0988,0.0371676180607669,0.0176994573116793,0.0323388136990158,0.0985315173574029,0.176496686762675,0.63776590680846,0.0239827395498924,0.2816302997565068,0.6943869606936007,0.0,0.438476898806052,0.561523101193948,0.518304995130804,0.383243045452293,0.0381242022457029,0.0603277571712001,0.9967795658198888,0.0,0.0032204341801112
GM0994,0.0371676180607669,0.0176994573116793,0.0323388136990158,0.0985315173574029,0.176496686762675,0.63776590680846,0.0239827395498924,0.2816302997565068,0.6943869606936007,0.0,0.438476898806052,0.561523101193948,0.518304995130804,0.383243045452293,0.0381242022457029,0.0603277571712001,0.9967795658198888,0.0,0.0032204341801112
GM0995,0.0371676180607669,0.0176994573116793,0.0323388136990158,0.0985315173574029,0.176496686762675,0.63776590680846,0.0239827395498924,0.2816302997565068,0.6943869606936007,0.0,0.438476898806052,0.561523101193948,0.518304995130804,0.383243045452293,0.0381242022457029,0.0603277571712001,0.9967795658198888,0.0,0.0032204341801112
GM1507,0.0371676180607669,0.0176994573116793,0.0323388136990158,0.0985315173574029,0.176496686762675,0.63776590680846,0.0239827395498924,0.2816302997565068,0.6943869606936007,0.0,0.438476898806052,0.561523101193948,0.518304995130804,0.383243045452293,0.0381242022457029,0.0603277571712001,0.9967795658198888,0.0,0.0032204341801112
GM1509,0.0371676180607669,0.0176994573116793,0.0323388136990158,0.0985315173574029,0.176496686762675,0.63776590680846,0.0239827395498924,0.2816302997565068,0.6943869606936007,0.0,0.438476898806052,0.561523101193948,0.518304995130804,0.383243045452293,0.0381242022457029,0.0603277571712001,0.9967795658198888,0.0,0.0032204341801112
GM1525,0.0371676180607669,0.0176994573116793,0.0323388136990158,0.0985315173574029,0.176496686762675,0.63776590680846,0.0239827395498924,0.2816302997565068,0.6943869606936007,0.0,0.438476898806052,0.561523101193948,0.518304995130804,0.383243045452293,0.0381242022457029,0.0603277571712001,0.9967795658198888,0.0,0.0032204341801112
GM1581,0.0371676180607669,0.0176994573116793,0.0323388136990158,0.0985315173574029,0.176496686762675,0.63776590680846,0.0239827395498924,0.2816302997565068,0.6943869606936007,0.0,0.438476898806052,0.561523101193948,0.518304995130804,0.383243045452293,0.0381242022457029,0.0603277571712001,0.9967795658198888,0.0,0.0032204341801112
GM1586,0.0371676180607669,0.0176994573116793,0.0323388136990158,0.0985315173574029,0.176496686762675,0.63776590680846,0.0239827395498924,0.2816302997565068,0.6943869606936007,0.0,0.438476898806052,0.561523101193948,0.518304995130804,0.383243045452293,0.0381242022457029,0.0603277571712001,0.9967795658198888,0.0,0.0032204341801112
GM1598,0.0371676180607669,0.0176994573116793,0.0323388136990158,0.0985315173574029,0.176496686762675,0.63776590680846,0.0239827395498924,0.2816302997565068,0.6943869606936007,0.0,0.438476898806052,0.561523101193948,0.518304995130804,0.383243045452293,0.0381242022457029,0.0603277571712001,0.9967795658198888,0.0,0.0032204341801112
GM1621,0.0371676180607669,0.0176994573116793,0.0323388136990158,0.0985315173574029,0.176496686762675,0.63776590680846,0.0239827395498924,0.2816302997565068,0.6943869606936007,0.0,0.438476898806052,0.561523101193948,0.518304995130804,0.383243045452293,0.0381242022457029,0.0603277571712001,0.9967795658198888,0.0,0.0032204341801112
GM1640,0.0371676180607669,0.0176994573116793,0.0323388136990158,0.0985315173574029,0.176496686762675,0.63776590680846,0.0239827395498924,0.2816302997565068,0.6943869606936007,0.0,0.438476898806052,0.561523101193948,0.518304995130804,0.383243045452293,0.0381242022457029,0.0603277571712001,0.9967795658198888,0.0,0.0032204341801112
GM1641,0.0371676180607669,0.0176994573116793,0.0323388136990158,0.0985315173574029,0.176496686762675,0.63776590680846,0.0239827395498924,0.2816302997565068,0.6943869606936007,0.0,0.438476898806052,0.561523101193948,0.518304995130804,0.383243045452293,0.0381242022457029,0.0603277571712001,0.9967795658198888,0.0,0.0032204341801112
GM1652,0.0371676180607669,0.0176994573116793,0.0323388136990158,0.0985315173574029,0.176496686762675,0.63776590680846,0.0239827395498924,0.2816302997565068,0.6943869606936007,0.0,0.438476898806052,0.561523101193948,0.518304995130804,0.383243045452293,0.0381242022457029,0.0603277571712001,0.9967795658198888,0.0,0.0032204341801112
GM1655,0.0371676180607669,0.0176994573116793,0.0323388136990158,0.0985315173574029,0.176496686762675,0.63776590680846,0.0239827395498924,0.2816302997565068,0.6943869606936007,0.0,0.438476898806052,0.561523101193948,0.518304995130804,0.383243045452293,0.0381242022457029,0.0603277571712001,0.9967795658198888,0.0,0.0032204341801112
GM1658,0.0371676180607669,0.0176994573116793,0.0323388136990158,0.0985315173574029,0.176496686762675,0.63776590680846,0.0239827395498924,0.2816302997565068,0.6943869606936007,0.0,0.438476898806052,0.561523101193948,0.518304995130804,0.383243045452293,0.0381242022457029,0.0603277571712001,0.9967795658198888,0.0,0.0032204341801112
GM1659,0.0371676180607669,0.0176994573116793,0.0323388136990158,0.0985315173574029,0.176496686762675,0.63776590680846,0.0239827395498924,0.2816302997565068,0.6943869606936007,0.0,0.438476898806052,0.561523101193948,0.518304995130804,0.383243045452293,0.0381242022457029,0.0603277571712001,0.9967795658198888,0.0,0.0032204341801112
GM1667,0.0371676180607669,0.0176994573116793,0.0323388136990158,0.0985315173574029,0.176496686762675,0.63776590680846,0.0239827395498924,0.2816302997565068,0.6943869606936007,0.0,0.438476898806052,0.561523101193948,0.518304995130804,0.383243045452293,0.0381242022457029,0.0603277571712001,0.9967795658198888,0.0,0.0032204341801112
GM1669,0.0371676180607669,0.0176994573116793,0.0323388136990158,0.0985315173574029,0.176496686762675,0.63776590680846,0.0239827395498924,0.2816302997565068,0.6943869606936007,0.0,0.438476898806052,0.561523101193948,0.518304995130804,0.383243045452293,0.0381242022457029,0.0603277571712001,0.9967795658198888,0.0,0.0032204341801112
GM1674,0.0371676180607669,0.0176994573116793,0.0323388136990158,0.0985315173574029,0.176496686762675,0.63776590680846,0.0239827395498924,0.2816302997565068,0.6943869606936007,0.0,0.438476898806052,0.561523101193948,0.518304995130804,0.383243045452293,0.0381242022457029,0.0603277571712001,0.9967795658198888,0.0,0.0032204341801112
GM1676,0.0371676180607669,0.0176994573116793,0.0323388136990158,0.0985315173574029,0.176496686762675,0.63776590680846,0.0239827395498924,0.2816302997565068,0.6943869606936007,0.0,0.438476898806052,0.561523101193948,0.518304995130804,0.383243045452293,0.0381242022457029,0.0603277571712001,0.9967795658198888,0.0,0.0032204341801112
GM1680,0.0371676180607669,0.0176994573116793,0.0323388136990158,0.0985315173574029,0.176496686762675,0.63776590680846,0.0239827395498924,0.2816302997565068,0.6943869606936007,0.0,0.438476898806052,0.561523101193948,0.518304995130804,0.383243045452293,0.0381242022457029,0.0603277571712001,0.9967795658198888,0.0,0.0032204341801112
GM1681,0.0371676180607669,0.0176994573116793,0.0323388136990158,0.0985315173574029,0.176496686762675,0.63776590680846,0.0239827395498924,0.2816302997565068,0.6943869606936007,0.0,0.438476898806052,0.561523101193948,0.518304995130804,0.383243045452293,0.0381242022457029,0.0603277571712001,0.9967795658198888,0.0,0.0032204341801112
GM1690,0.0371676180607669,0.0176994573116793,0.0323388136990158,0.0985315173574029,0.176496686762675,0.63776590680846,0.0239827395498924,0.2816302997565068,0.6943869606936007,0.0,0.438476898806052,0.561523101193948,0.518304995130804,0.383243045452293,0.0381242022457029,0.0603277571712001,0.9967795658198888,0.0,0.0032204341801112
GM1695,0.0371676180607669,0.0176994573116793,0.0323388136990158,0.0985315173574029,0.176496686762675,0.63776590680846,0.0239827395498924,0.2816302997565068,0.6943869606936007,0.0,0.438476898806052,0.561523101193948,0.518304995130804,0.383243045452293,0.0381242022457029,0.0603277571712001,0.9967795658198888,0.0,0.0032204341801112
GM1696,0.0371676180607669,0.0176994573116793,0.0323388136990158,0.0985315173574029,0.176496686762675,0.63776590680846,0.0239827395498924,0.2816302997565068,0.6943869606936007,0.0,0.438476898806052,0.561523101193948,0.518304995130804,0.383243045452293,0.0381242022457029,0.0603277571712001,0.9967795658198888,0.0,0.0032204341801112
GM1699,0.0371676180607669,0.0176994573116793,0.0323388136990158,0.0985315173574029,0.176496686762675,0.63776590680846,0.0239827395498924,0.2816302997565068,0.6943869606936007,0.0,0.438476898806052,0.561523101193948,0.518304995130804,0.383243045452293,0.0381242022457029,0.0603277571712001,0.9967795658198888,0.0,0.0032204341801112
GM1700,0.0371676180607669,0.0176994573116793,0.0323388136990158,0.0985315173574029,0.176496686762675,0.63776590680846,0.0239827395498924,0.2816302997565068,0.6943869606936007,0.0,0.438476898806052,0.561523101193948,0.518304995130804,0.383243045452293,0.0381242022457029,0.0603277571712001,0.9967795658198888,0.0,0.0032204341801112
GM1701,0.0371676180607669,0.0176994573116793,0.0323388136990158,0.0985315173574029,0.176496686762675,0.63776590680846,0.0239827395498924,0.2816302997565068,0.6943869606936007,0.0,0.438476898806052,0.561523101193948,0.518304995130804,0.383243045452293,0.0381242022457029,0.0603277571712001,0.9967795658198888,0.0,0.0032204341801112
GM1705,0.0371676180607669,0.0176994573116793,0.0323388136990158,0.0985315173574029,0.176496686762675,0.63776590680846,0.0239827395498924,0.2816302997565068,0.6943869606936007,0.0,0.438476898806052,0.561523101193948,0.518304995130804,0.383243045452293,0.0381242022457029,0.0603277571712001,0.9967795658198888,0.0,0.0032204341801112
GM1706,0.0371676180607669,0.0176994573116793,0.0323388136990158,0.0985315173574029,0.176496686762675,0.63776590680846,0.0239827395498924,0.2816302997565068,0.6943869606936007,0.0,0.438476898806052,0.561523101193948,0.518304995130804,0.383243045452293,0.0381242022457029,0.0603277571712001,0.9967795658198888,0.0,0.0032204341801112
GM1708,0.0371676180607669,0.0176994573116793,0.0323388136990158,0.0985315173574029,0.176496686762675,0.63776590680846,0.0239827395498924,0.2816302997565068,0.6943869606936007,0.0,0.438476898806052,0.561523101193948,0.518304995130804,0.383243045452293,0.0381242022457029,0.0603277571712001,0.9967795658198888,0.0,0.0032204341801112
GM1709,0.0371676180607669,0.0176994573116793,0.0323388136990158,0.0985315173574029,0.176496686762675,0.63776590680846,0.0239827395498924,0.2816302997565068,0.6943869606936007,0.0,0.438476898806052,0.561523101193948,0.518304995130804,0.383243045452293,0.0381242022457029,0.0603277571712001,0.9967795658198888,0.0,0.0032204341801112
GM1711,0.0371676180607669,0.0176994573116793,0.0323388136990158,0.0985315173574029,0.176496686762675,0.63776590680846,0.0239827395498924,0.2816302997565068,0.6943869606936007,0.0,0.438476898806052,0.561523101193948,0.518304995130804,0.383243045452293,0.0381242022457029,0.0603277571712001,0.9967795658198888,0.0,0.0032204341801112
GM1714,0.0371676180607669,0.0176994573116793,0.0323388136990158,0.0985315173574029,0.176496686762675,0.63776590680846,0.0239827395498924,0.2816302997565068,0.6943869606936007,0.0,0.438476898806052,0.561523101193948,0.518304995130804,0.383243045452293,0.0381242022457029,0.0603277571712001,0.9967795658198888,0.0,0.0032204341801112
GM1719,0.0371676180607669,0.0176994573116793,0.0323388136990158,0.0985315173574029,0.176496686762675,0.63776590680846,0.0239827395498924,0.2816302997565068,0.6943869606936007,0.0,0.438476898806052,0.561523101193948,0.518304995130804,0.383243045452293,0.0381242022457029,0.0603277571712001,0.9967795658198888,0.0,0.0032204341801112
GM1721,0.0371676180607669,0.0176994573116793,0.0323388136990158,0.0985315173574029,0.176496686762675,0.63776590680846,0.0239827395498924,0.2816302997565068,0.6943869606936007,0.0,0.438476898806052,0.561523101193948,0.518304995130804,0.383243045452293,0.0381242022457029,0.0603277571712001,0.9967795658198888,0.0,0.0032204341801112
GM1723,0.0371676180607669,0.0176994573116793,0.0323388136990158,0.0985315173574029,0.176496686762675,0.63776590680846,0.0239827395498924,0.2816302997565068,0.6943869606936007,0.0,0.438476898806052,0.561523101193948,0.518304995130804,0.383243045452293,0.0381242022457029,0.0603277571712001,0.9967795658198888,0.0,0.0032204341801112
GM1724,0.0371676180607669,0.0176994573116793,0.0323388136990158,0.0985315173574029,0.176496686762675,0.63776590680846,0.0239827395498924,0.2816302997565068,0.6943869606936007,0.0,0.438476898806052,0.561523101193948,0.518304995130804,0.383243045452293,0.0381242022457029,0.0603277571712001,0.9967795658198888,0.0,0.0032204341801112
GM1728,0.0371676180607669,0.0176994573116793,0.0323388136990158,0.0985315173574029,0.176496686762675,0.63776590680846,0.0239827395498924,0.2816302997565068,0.6943869606936007,0.0,0.438476898806052,0.561523101193948,0.518304995130804,0.383243045452293,0.0381242022457029,0.0603277571712001,0.9967795658198888,0.0,0.0032204341801112
GM1729,0.0371676180607669,0.0176994573116793,0.0323388136990158,0.0985315173574029,0.176496686762675,0.63776590680846,0.0239827395498924,0.2816302997565068,0.6943869606936007,0.0,0.438476898806052,0.561523101193948,0.518304995130804,0.383243045452293,0.0381242022457029,0.0603277571712001,0.9967795658198888,0.0,0.0032204341801112
GM1730,0.0371676180607669,0.0176994573116793,0.0323388136990158,0.0985315173574029,0.176496686762675,0.63776590680846,0.0239827395498924,0.2816302997565068,0.6943869606936007,0.0,0.438476898806052,0.561523101193948,0.518304995130804,0.383243045452293,0.0381242022457029,0.0603277571712001,0.9967795658198888,0.0,0.0032204341801112
GM1731,0.0371676180607669,0.0176994573116793,0.0323388136990158,0.0985315173574029,0.176496686762675,0.63776590680846,0.0239827395498924,0.2816302997565068,0.6943869606936007,0.0,0.438476898806052,0.561523101193948,0.518304995130804,0.383243045452293,0.0381242022457029,0.0603277571712001,0.9967795658198888,0.0,0.0032204341801112
GM1734,0.0371676180607669,0.0176994573116793,0.0323388136990158,0.0985315173574029,0.176496686762675,0.63776590680846,0.0239827395498924,0.2816302997565068,0.6943869606936007,0.0,0.438476898806052,0.561523101193948,0.518304995130804,0.383243045452293,0.0381242022457029,0.0603277571712001,0.9967795658198888,0.0,0.0032204341801112
GM1735,0.0371676180607669,0.0176994573116793,0.0323388136990158,0.0985315173574029,0.176496686762675,0.63776590680846,0.0239827395498924,0.2816302997565068,0.6943869606936007,0.0,0.438476898806052,0.561523101193948,0.518304995130804,0.383243045452293,0.0381242022457029,0.0603277571712001,0.9967795658198888,0.0,0.0032204341801112
GM1740,0.0371676180607669,0.0176994573116793,0.0323388136990158,0.0985315173574029,0.176496686762675,0.63776590680846,0.0239827395498924,0.2816302997565068,0.6943869606936007,0.0,0.438476898806052,0.561523101193948,0.518304995130804,0.383243045452293,0.0381242022457029,0.0603277571712001,0.9967795658198888,0.0,0.0032204341801112
GM1742,0.0371676180607669,0.0176994573116793,0.0323388136990158,0.0985315173574029,0.176496686762675,0.63776590680846,0.0239827395498924,0.2816302997565068,0.6943869606936007,0.0,0.438476898806052,0.561523101193948,0.518304995130804,0.383243045452293,0.0381242022457029,0.0603277571712001,0.9967795658198888,0.0,0.0032204341801112
GM1771,0.0371676180607669,0.0176994573116793,0.0323388136990158,0.0985315173574029,0.176496686762675,0.63776590680846,0.0239827395498924,0.2816302997565068,0.6943869606936007,0.0,0.438476898806052,0.561523101193948,0.518304995130804,0.383243045452293,0.0381242022457029,0.0603277571712001,0.9967795658198888,0.0,0.0032204341801112
GM1773,0.0371676180607669,0.0176994573116793,0.0323388136990158,0.0985315173574029,0.176496686762675,0.63776590680846,0.0239827395498924,0.2816302997565068,0.6943869606936007,0.0,0.438476898806052,0.561523101193948,0.518304995130804,0.383243045452293,0.0381242022457029,0.0603277571712001,0.9967795658198888,0.0,0.0032204341801112
GM1774,0.0371676180607669,0.0176994573116793,0.0323388136990158,0.0985315173574029,0.176496686762675,0.63776590680846,0.0239827395498924,0.2816302997565068,0.6943869606936007,0.0,0.438476898806052,0.561523101193948,0.518304995130804,0.383243045452293,0.0381242022457029,0.0603277571712001,0.9967795658198888,0.0,0.0032204341801112
GM1783,0.0371676180607669,0.0176994573116793,0.0323388136990158,0.0985315173574029,0.176496686762675,0.63776590680846,0.0239827395498924,0.2816302997565068,0.6943869606936007,0.0,0.438476898806052,0.561523101193948,0.518304995130804,0.383243045452293,0.0381242022457029,0.0603277571712001,0.9967795658198888,0.0,0.0032204341801112
GM1842,0.0371676180607669,0.0176994573116793,0.0323388136990158,0.0985315173574029,0.176496686762675,0.63776590680846,0.0239827395498924,0.2816302997565068,0.6943869606936007,0.0,0.438476898806052,0.561523101193948,0.518304995130804,0.383243045452293,0.0381242022457029,0.0603277571712001,0.9967795658198888,0.0,0.0032204341801112
GM1859,0.0371676180607669,0.0176994573116793,0.0323388136990158,0.0985315173574029,0.176496686762675,0.63776590680846,0.0239827395498924,0.2816302997565068,0.6943869606936007,0.0,0.438476898806052,0.561523101193948,0.518304995130804,0.383243045452293,0.0381242022457029,0.0603277571712001,0.9967795658198888,0.0,0.0032204341801112
GM1876,0.0371676180607669,0.0176994573116793,0.0323388136990158,0.0985315173574029,0.176496686762675,0.63776590680846,0.0239827395498924,0.2816302997565068,0.6943869606936007,0.0,0.438476898806052,0.561523101193948,0.518304995130804,0.383243045452293,0.0381242022457029,0.0603277571712001,0.9967795658198888,0.0,0.0032204341801112
GM1883,0.0371676180607669,0.0176994573116793,0.0323388136990158,0.0985315173574029,0.176496686762675,0.63776590680846,0.0239827395498924,0.2816302997565068,0.6943869606936007,0.0,0.438476898806052,0.561523101193948,0.518304995130804,0.383243045452293,0.0381242022457029,0.0603277571712001,0.9967795658198888,0.0,0.0032204341801112
GM1884,0.0371676180607669,0.0176994573116793,0.0323388136990158,0.0985315173574029,0.176496686762675,0.63776590680846,0.0239827395498924,0.2816302997565068,0.6943869606936007,0.0,0.438476898806052,0.561523101193948,0.518304995130804,0.383243045452293,0.0381242022457029,0.0603277571712001,0.9967795658198888,0.0,0.0032204341801112
GM1891,0.0371676180607669,0.0176994573116793,0.0323388136990158,0.0985315173574029,0.176496686762675,0.63776590680846,0.0239827395498924,0.2816302997565068,0.6943869606936007,0.0,0.438476898806052,0.561523101193948,0.518304995130804,0.383243045452293,0.0381242022457029,0.0603277571712001,0.9967795658198888,0.0,0.0032204341801112
GM1892,0.0371676180607669,0.0176994573116793,0.0323388136990158,0.0985315173574029,0.176496686762675,0.63776590680846,0.0239827395498924,0.2816302997565068,0.6943869606936007,0.0,0.438476898806052,0.561523101193948,0.518304995130804,0.383243045452293,0.0381242022457029,0.0603277571712001,0.9967795658198888,0.0,0.0032204341801112
GM1894,0.0371676180607669,0.0176994573116793,0.0323388136990158,0.0985315173574029,0.176496686762675,0.63776590680846,0.0239827395498924,0.2816302997565068,0.6943869606936007,0.0,0.438476898806052,0.561523101193948,0.518304995130804,0.383243045452293,0.0381242022457029,0.0603277571712001,0.9967795658198888,0.0,0.0032204341801112
GM1895,0.0371676180607669,0.0176994573116793,0.0323388136990158,0.0985315173574029,0.176496686762675,0.63776590680846,0.0239827395498924,0.2816302997565068,0.6943869606936007,0.0,0.438476898806052,0.561523101193948,0.518304995130804,0.383243045452293,0.0381242022457029,0.0603277571712001,0.9967795658198888,0.0,0.0032204341801112
GM1896,0.0371676180607669,0.0176994573116793,0.0323388136990158,0.0985315173574029,0.176496686762675,0.63776590680846,0.0239827395498924,0.2816302997565068,0.6943869606936007,0.0,0.438476898806052,0.561523101193948,0.518304995130804,0.383243045452293,0.0381242022457029,0.0603277571712001,0.9967795658198888,0.0,0.0032204341801112
GM1900,0.0371676180607669,0.0176994573116793,0.0323388136990158,0.0985315173574029,0.176496686762675,0.63776590680846,0.0239827395498924,0.2816302997565068,0.6943869606936007,0.0,0.438476898806052,0.561523101193948,0.518304995130804,0.383243045452293,0.0381242022457029,0.0603277571712001,0.9967795658198888,0.0,0.0032204341801112
GM1901,0.0371676180607669,0.0176994573116793,0.0323388136990158,0.0985315173574029,0.176496686762675,0.63776590680846,0.0239827395498924,0.2816302997565068,0.6943869606936007,0.0,0.438476898806052,0.561523101193948,0.518304995130804,0.383243045452293,0.0381242022457029,0.0603277571712001,0.9967795658198888,0.0,0.0032204341801112
GM1903,0.0371676180607669,0.0176994573116793,0.0323388136990158,0.0985315173574029,0.176496686762675,0.63776590680846,0.0239827395498924,0.2816302997565068,0.6943869606936007,0.0,0.438476898806052,0.561523101193948,0.518304995130804,0.383243045452293,0.0381242022457029,0.0603277571712001,0.9967795658198888,0.0,0.0032204341801112
GM1904,0.0371676180607669,0.0176994573116793,0.0323388136990158,0.0985315173574029,0.176496686762675,0.63776590680846,0.0239827395498924,0.2816302997565068,0.6943869606936007,0.0,0.438476898806052,0.561523101193948,0.518304995130804,0.383243045452293,0.0381242022457029,0.0603277571712001,0.9967795658198888,0.0,0.0032204341801112
GM1911,0.0371676180607669,0.0176994573116793,0.0323388136990158,0.0985315173574029,0.176496686762675,0.63776590680846,0.0239827395498924,0.2816302997565068,0.6943869606936007,0.0,0.438476898806052,0.561523101193948,0.518304995130804,0.383243045452293,0.0381242022457029,0.0603277571712001,0.9967795658198888,0.0,0.0032204341801112
GM1916,0.0371676180607669,0.0176994573116793,0.0323388136990158,0.0985315173574029,0.176496686762675,0.63776590680846,0.0239827395498924,0.2816302997565068,0.6943869606936007,0.0,0.438476898806052,0.561523101193948,0.518304995130804,0.383243045452293,0.0381242022457029,0.0603277571712001,0.9967795658198888,0.0,0.0032204341801112
GM1924,0.0371676180607669,0.0176994573116793,0.0323388136990158,0.0985315173574029,0.176496686762675,0.63776590680846,0.0239827395498924,0.2816302997565068,0.6943869606936007,0.0,0.438476898806052,0.561523101193948,0.518304995130804,0.383243045452293,0.0381242022457029,0.0603277571712001,0.9967795658198888,0.0,0.0032204341801112
GM1926,0.0371676180607669,0.0176994573116793,0.0323388136990158,0.0985315173574029,0.176496686762675,0.63776590680846,0.0239827395498924,0.2816302997565068,0.6943869606936007,0.0,0.438476898806052,0.561523101193948,0.518304995130804,0.383243045452293,0.0381242022457029,0.0603277571712001,0.9967795658198888,0.0,0.0032204341801112
GM1930,0.0371676180607669,0.0176994573116793,0.0323388136990158,0.0985315173574029,0.176496686762675,0.63776590680846,0.0239827395498924,0.2816302997565068,0.6943869606936007,0.0,0.438476898806052,0.561523101193948,0.518304995130804,0.383243045452293,0.0381242022457029,0.0603277571712001,0.9967795658198888,0.0,0.0032204341801112
GM1931,0.0371676180607669,0.0176994573116793,0.0323388136990158,0.0985315173574029,0.176496686762675,0.63776590680846,0.0239827395498924,0.2816302997565068,0.6943869606936007,0.0,0.438476898806052,0.561523101193948,0.518304995130804,0.383243045452293,0.0381242022457029,0.0603277571712001,0.9967795658198888,0.0,0.0032204341801112
GM1940,0.0371676180607669,0.0176994573116793,0.0323388136990158,0.0985315173574029,0.176496686762675,0.63776590680846,0.0239827395498924,0.2816302997565068,0.6943869606936007,0.0,0.438476898806052,0.561523101193948,0.518304995130804,0.383243045452293,0.0381242022457029,0.0603277571712001,0.9967795658198888,0.0,0.0032204341801112
GM1942,0.0371676180607669,0.0176994573116793,0.0323388136990158,0.0985315173574029,0.176496686762675,0.63776590680846,0.0239827395498924,0.2816302997565068,0.6943869606936007,0.0,0.438476898806052,0.561523101193948,0.518304995130804,0.383243045452293,0.0381242022457029,0.0603277571712001,0.9967795658198888,0.0,0.0032204341801112
GM1945,0.0371676180607669,0.0176994573116793,0.0323388136990158,0.0985315173574029,0.176496686762675,0.63776590680846,0.0239827395498924,0.2816302997565068,0.6943869606936007,0.0,0.438476898806052,0.561523101193948,0.518304995130804,0.383243045452293,0.0381242022457029,0.0603277571712001,0.9967795658198888,0.0,0.0032204341801112
GM1948,0.0371676180607669,0.0176994573116793,0.0323388136990158,0.0985315173574029,0.176496686762675,0.63776590680846,0.0239827395498924,0.2816302997565068,0.6943869606936007,0.0,0.438476898806052,0.561523101193948,0.518304995130804,0.383243045452293,0.0381242022457029,0.0603277571712001,0.9967795658198888,0.0,0.0032204341801112
GM1949,0.0371676180607669,0.0176994573116793,0.0323388136990158,0.0985315173574029,0.176496686762675,0.63776590680846,0.0239827395498924,0.2816302997565068,0.6943869606936007,0.0,0.438476898806052,0.561523101193948,0.518304995130804,0.383243045452293,0.0381242022457029,0.0603277571712001,0.9967795658198888,0.0,0.0032204341801112
GM1950,0.0371676180607669,0.0176994573116793,0.0323388136990158,0.0985315173574029,0.176496686762675,0.63776590680846,0.0239827395498924,0.2816302997565068,0.6943869606936007,0.0,0.438476898806052,0.561523101193948,0.518304995130804,0.383243045452293,0.0381242022457029,0.0603277571712001,0.9967795658198888,0.0,0.0032204341801112
GM1952,0.0371676180607669,0.0176994573116793,0.0323388136990158,0.0985315173574029,0.176496686762675,0.63776590680846,0.0239827395498924,0.2816302997565068,0.6943869606936007,0.0,0.438476898806052,0.561523101193948,0.518304995130804,0.383243045452293,0.0381242022457029,0.0603277571712001,0.9967795658198888,0.0,0.0032204341801112
GM1954,0.0371676180607669,0.0176994573116793,0.0323388136990158,0.0985315173574029,0.176496686762675,0.63776590680846,0.0239827395498924,0.2816302997565068,0.6943869606936007,0.0,0.438476898806052,0.561523101193948,0.518304995130804,0.383243045452293,0.0381242022457029,0.0603277571712001,0.9967795658198888,0.0,0.0032204341801112
GM1955,0.0371676180607669,0.0176994573116793,0.0323388136990158,0.0985315173574029,0.176496686762675,0.63776590680846,0.0239827395498924,0.2816302997565068,0.6943869606936007,0.0,0.438476898806052,0.561523101193948,0.518304995130804,0.383243045452293,0.0381242022457029,0.0603277571712001,0.9967795658198888,0.0,0.0032204341801112
GM1959,0.0371676180607669,0.0176994573116793,0.0323388136990158,0.0985315173574029,0.176496686762675,0.63776590680846,0.0239827395498924,0.2816302997565068,0.6943869606936007,0.0,0.438476898806052,0.561523101193948,0.518304995130804,0.383243045452293,0.0381242022457029,0.0603277571712001,0.9967795658198888,0.0,0.0032204341801112
GM1960,0.0371676180607669,0.0176994573116793,0.0323388136990158,0.0985315173574029,0.176496686762675,0.63776590680846,0.0239827395498924,0.2816302997565068,0.6943869606936007,0.0,0.438476898806052,0.561523101193948,0.518304995130804,0.383243045452293,0.0381242022457029,0.0603277571712001,0.9967795658198888,0.0,0.0032204341801112
GM1961,0.0371676180607669,0.0176994573116793,0.0323388136990158,0.0985315173574029,0.176496686762675,0.63776590680846,0.0239827395498924,0.2816302997565068,0.6943869606936007,0.0,0.438476898806052,0.561523101193948,0.518304995130804,0.383243045452293,0.0381242022457029,0.0603277571712001,0.9967795658198888,0.0,0.0032204341801112
GM1963,0.0371676180607669,0.0176994573116793,0.0323388136990158,0.0985315173574029,0.176496686762675,0.63776590680846,0.0239827395498924,0.2816302997565068,0.6943869606936007,0.0,0.438476898806052,0.561523101193948,0.518304995130804,0.383243045452293,0.0381242022457029,0.0603277571712001,0.9967795658198888,0.0,0.0032204341801112
GM1966,0.0371676180607669,0.0176994573116793,0.0323388136990158,0.0985315173574029,0.176496686762675,0.63776590680846,0.0239827395498924,0.2816302997565068,0.6943869606936007,0.0,0.438476898806052,0.561523101193948,0.518304995130804,0.383243045452293,0.0381242022457029,0.0603277571712001,0.9967795658198888,0.0,0.0032204341801112
GM1969,0.0371676180607669,0.0176994573116793,0.0323388136990158,0.0985315173574029,0.176496686762675,0.63776590680846,0.0239827395498924,0.2816302997565068,0.6943869606936007,0.0,0.438476898806052,0.561523101193948,0.518304995130804,0.383243045452293,0.0381242022457029,0.0603277571712001,0.9967795658198888,0.0,0.0032204341801112
GM1970,0.0371676180607669,0.0176994573116793,0.0323388136990158,0.0985315173574029,0.176496686762675,0.63776590680846,0.0239827395498924,0.2816302997565068,0.6943869606936007,0.0,0.438476898806052,0.561523101193948,0.518304995130804,0.383243045452293,0.0381242022457029,0.0603277571712001,0.9967795658198888,0.0,0.0032204341801112
GM1978,0.0371676180607669,0.0176994573116793,0.0323388136990158,0.0985315173574029,0.176496686762675,0.63776590680846,0.0239827395498924,0.2816302997565068,0.6943869606936007,0.0,0.438476898806052,0.561523101193948,0.518304995130804,0.383243045452293,0.0381242022457029,0.0603277571712001,0.9967795658198888,0.0,0.0032204341801112
GM1979,0.0371676180607669,0.0176994573116793,0.0323388136990158,0.0985315173574029,0.176496686762675,0.63776590680846,0.0239827395498924,0.2816302997565068,0.6943869606936007,0.0,0.438476898806052,0.561523101193948,0.518304995130804,0.383243045452293,0.0381242022457029,0.0603277571712001,0.9967795658198888,0.0,0.0032204341801112
GM1980,0.0371676180607669,0.0176994573116793,0.0323388136990158,0.0985315173574029,0.176496686762675,0.63776590680846,0.0239827395498924,0.2816302997565068,0.6943869606936007,0.0,0.438476898806052,0.561523101193948,0.518304995130804,0.383243045452293,0.0381242022457029,0.0603277571712001,0.9967795658198888,0.0,0.0032204341801112
GM1982,0.0371676180607669,0.0176994573116793,0.0323388136990158,0.0985315173574029,0.176496686762675,0.63776590680846,0.0239827395498924,0.2816302997565068,0.6943869606936007,0.0,0.438476898806052,0.561523101193948,0.518304995130804,0.383243045452293,0.0381242022457029,0.0603277571712001,0.9967795658198888,0.0,0.0032204341801112
GM1991,0.0371676180607669,0.0176994573116793,0.0323388136990158,0.0985315173574029,0.176496686762675,0.63776590680846,0.0239827395498924,0.2816302997565068,0.6943869606936007,0.0,0.438476898806052,0.561523101193948,0.518304995130804,0.383243045452293,0.0381242022457029,0.0603277571712001,0.9967795658198888,0.0,0.0032204341801112
GM1992,0.0371676180607669,0.0176994573116793,0.0323388136990158,0.0985315173574029,0.176496686762675,0.63776590680846,0.0239827395498924,0.2816302997565068,0.6943869606936007,0.0,0.438476898806052,0.561523101193948,0.518304995130804,0.383243045452293,0.0381242022457029,0.0603277571712001,0.9967795658198888,0.0,0.0032204341801112
